CDR3b	TRBV	TRBJ	CDR3a	subject:condition	count
ASSIRSSYEQY	TRBV19	TRBJ2-7	AGEGGGSQGNLI	4:GILGFVFTL	1
ASSQDPSRTYEQY	TRBV7-9	TRBJ2-7	AFMISAGGTSYGKLT	6:GILGFVFTL	1
ASSIRAAETQY	TRBV19	TRBJ2-5	AMREGWPNTNAGKST	7:GILGFVFTL	1
ASSIHGAGTEAF	TRBV19	TRBJ1-1	AVRDKPPGPGGGSYIPT	9:GILGFVFTL	1
ASSIRASYEQY	TRBV19	TRBJ2-7	AGVGGGSQGNLI	10:GILGFVFTL	1
ASSLGSYGYT	TRBV19	TRBJ1-2	AFMTNAGGTSYGKLT	11:GILGFVFTL	1
ASSLYSNQPQH	TRBV19	TRBJ1-5	AMREDPGGTSYGKLT	12:GILGFVFTL	1
ASSKFSINEQF	TRBV19	TRBJ2-1	AMREDNGARLM	17:GILGFVFTL	1
ASSQDWGQPNTEAF	TRBV4-3	TRBJ1-1	AATLTGNQFY	20:GILGFVFTL	1
ASSIRAAYEQY	TRBV19	TRBJ2-7	AVALGGGSQGNLI	21:GILGFVFTL	1
ASSIRSGYEQF	TRBV19	TRBJ2-1	ALKRSNTGKLI	23:GILGFVFTL	1
ASSIRSSYEQY	TRBV19	TRBJ2-7	AGAGPGSQGNLI	24:GILGFVFTL	1
ASSIGVHGYT	TRBV19	TRBJ1-2	AASFYNQGGKLI	28:GILGFVFTL	1
ASSLTVLYGYT	TRBV19	TRBJ1-2	AGAPGGGSQGNLI	29:GILGFVFTL	1
ASSPRSSQPQH	TRBV19	TRBJ1-5	APAGDGGSQGNLI	36:GILGFVFTL	1
ASSIRSSYEQY	TRBV19	TRBJ2-7	GTEWEARLM	37:GILGFVFTL	1
ASSIRSSYEQY	TRBV19	TRBJ2-7	AVQGSQGNLI	38:GILGFVFTL	1
ASSIRAASYNEQF	TRBV19	TRBJ2-1	AENLGGGSQGNLI	41:GILGFVFTL	1
ASSPLWVAGGRETQY	TRBV3-1	TRBJ2-5	AASSGGTSYGKLT	43:GILGFVFTL	1
ASSPRDRERGEQY	TRBV7-2	TRBJ2-7	AGSPSNTGKLI	44:GILGFVFTL	1
ASSWGGGSHYGYT	TRBV11-2	TRBJ1-2	AYSPAAGGTSYGKLT	45:GILGFVFTL	1
SVDLEANYGYT	TRBV29-1	TRBJ1-2	AIGPGNMLT	46:GILGFVFTL	1
ASSTLAGGQETQY	TRBV6-6	TRBJ2-5	AVPYNQGGKLI	48:GILGFVFTL	1
ASSDHPGSRELWKHHI	TRBV6-4	TRBJ1-3	AMSERNNARLM	50:GILGFVFTL	1
ASSIRSSYEQY	TRBV19	TRBJ2-7	AGGGSQGNLI	54:GILGFVFTL	1
ASSIGLYGYT	TRBV19	TRBJ1-2	AYSPAAGGTSYGKLT	55:GILGFVFTL	1
ASSTRSTGELF	TRBV19	TRBJ2-2	AGAGGGSQGNLI	59:GILGFVFTL	1
SARDRTGNGYT	TRBV20-1	TRBJ1-2	AGGGSQGNLI	60:GILGFVFTL	1
ASSSRSAYEQY	TRBV19	TRBJ2-7	ASGGSQGNLI	61:GILGFVFTL	1
ASSTRSTYEQY	TRBV19	TRBJ2-7	AEGGDGGSQGNLI	62:GILGFVFTL	1
ASSSIRGPLSGNTIY	TRBV7-2	TRBJ1-3	AMSASNFGNEKLT	66:GILGFVFTL	1
ATSYEDNSGANVLT	TRBV15	TRBJ2-6	AVAKDLQNSGGGADGLT	67:GILGFVFTL	1
ASSRTGTSYEQY	TRBV13	TRBJ2-7	AERIPNFGNEKLT	69:GILGFVFTL	1
ASSGTSVHEQY	TRBV19	TRBJ2-7	AVRDGTGANNLF	70:GILGFVFTL	1
ASSTRSGWEQY	TRBV19	TRBJ2-7	AGAGSSNTGKLI	71:GILGFVFTL	1
ASSIRSSYEQY	TRBV19	TRBJ2-7	ASSTNNDMR	72:GILGFVFTL	1
ASSVRSTGELF	TRBV19	TRBJ2-2	AGNYGGSQGNLI	73:GILGFVFTL	1
ASSARSSTEQY	TRBV19	TRBJ2-7	AVRDPGGYNKLI	74:GILGFVFTL	1
ATNGRGGYYNEQF	TRBV30	TRBJ2-1	AMSGEGGSQGNLI	76:GILGFVFTL	1
ASSIRSSYEQY	TRBV19	TRBJ2-7	AVEVNAGNNRKLI	80:GILGFVFTL	1
ASSIRSSYEQY	TRBV19	TRBJ2-7	AGSNTNAGKST	82:GILGFVFTL	1
ASSIGLYGYT	TRBV19	TRBJ1-2	AMSVNAGGTSYGKLT	83:GILGFVFTL	1
ASSIRSAYEQY	TRBV19	TRBJ2-7	AGAEGSGNTGKLI	84:GILGFVFTL	1
ASSFRAPYGYT	TRBV19	TRBJ1-2	AVNQGGGSQGNLI	85:GILGFVFTL	1
ASTTVQGGYT	TRBV19	TRBJ1-2	AVRDGTGANNLF	88:GILGFVFTL	1
ASSLGRVSEQY	TRBV27	TRBJ2-7	AGGGSQGNLI	90:GILGFVFTL	1
ASSIRSGESRAF	TRBV19	TRBJ1-1	AVVPGNTGKLI	91:GILGFVFTL	1
SAGQGPYEQY	TRBV29-1	TRBJ2-7	VVNMDNARLM	92:GILGFVFTL	1
ASSIFGGAEAF	TRBV19	TRBJ1-1	ALSEAGRGGSYIPT	93:GILGFVFTL	1
ASSPTGSDTGELF	TRBV6-4	TRBJ2-2	AVRDMLGFNKFY	94:GILGFVFTL	1
ASSIRSSYEQY	TRBV19	TRBJ2-7	AGDDQGGKLI	95:GILGFVFTL	1
ASSMGSYGYT	TRBV19	TRBJ1-2	AFMSNAGGTSYGKLT	97:GILGFVFTL	1
ASSIRSSYEQY	TRBV19	TRBJ2-7	SAGGSQGNLI	101:GILGFVFTL	1
ASSDRDHRRF	TRBV10-1	TRBJ1-4	AENKGGGSQGNLI	103:GILGFVFTL	1
ASSIRSDEKLF	TRBV19	TRBJ1-4	AGNYGGSQGNLI	105:GILGFVFTL	1
ASSIRSSYEQY	TRBV19	TRBJ2-7	AVTGDGGSQGNLI	108:GILGFVFTL	1
ASGGISTDTQY	TRBV19	TRBJ2-3	AVRDGTGANNLF	110:GILGFVFTL	1
ASSIGLYGYT	TRBV19	TRBJ1-2	AMSVNAGGTSYGKLT	111:GILGFVFTL	1
ASSIRSAYEQY	TRBV19	TRBJ2-7	AGGGSSNTGKLI	112:GILGFVFTL	1
ASSVRSTDTQY	TRBV19	TRBJ2-3	AAPTGNNNDMR	113:GILGFVFTL	1
ASSSRSSYEQY	TRBV19	TRBJ2-7	AGAGSQGNLI	114:GILGFVFTL	1
ASSPRSNQPQH	TRBV19	TRBJ1-5	AMSGDGGSQGNLI	115:GILGFVFTL	1
ASSPRSTDTQY	TRBV19	TRBJ2-3	AGSSGGSQGNLI	118:GILGFVFTL	1
ASSIRSSYEQY	TRBV19	TRBJ2-7	AGAIGSSNTGKLI	119:GILGFVFTL	1
ASSGRAGGELF	TRBV19	TRBJ2-2	AENNGGGSQGNLI	121:GILGFVFTL	1
ASSIYSGGYNEQF	TRBV19	TRBJ2-1	ATDGSSSNTGKLI	122:GILGFVFTL	1
ASSFRSSETQY	TRBV19	TRBJ2-5	AGGGSQGNLI	123:GILGFVFTL	1
ASSLGVAGTNTGELF	TRBV11-2	TRBJ2-2	AGGGQGGSQGNLI	124:GILGFVFTL	1
ASSIGLYGYT	TRBV19	TRBJ1-2	AYSVNAGGTSYGKLT	125:GILGFVFTL	1
ASSISSTGELF	TRBV19	TRBJ2-2	AGADGGSQGNLI	130:GILGFVFTL	1
ASSIRSAYEQY	TRBV19	TRBJ2-7	AGASGSSNTGKLI	131:GILGFVFTL	1
ASSIGSYGYT	TRBV19	TRBJ1-2	AGRGNNARLM	138:GILGFVFTL	1
ASSIGSYGYT	TRBV19	TRBJ1-2	AFMIGAGGTSYGKLT	139:GILGFVFTL	1
ASSGRSTDTQY	TRBV19	TRBJ2-3	ALSEMNSGNTPLV	140:GILGFVFTL	1
ASSFRSSETQY	TRBV19	TRBJ2-5	AVGGGGGSQGNLI	141:GILGFVFTL	1
ASSDSSGGLYNEQF	TRBV6-6	TRBJ2-1	AVNIEGYQKVT	143:GILGFVFTL	1
ASSLNTEAF	TRBV6-5	TRBJ1-1	AAIKGAQKLV	144:GILGFVFTL	1
ASSIGSYGYT	TRBV19	TRBJ1-2	AFMIHAGGTSYGKLT	145:GILGFVFTL	1
ASSIRSSYEQY	TRBV19	TRBJ2-7	AGAVGSSNTGKLI	149:GILGFVFTL	1
ASSDRSGTEQY	TRBV19	TRBJ2-7	AGGGSQGNLI	150:GILGFVFTL	1
ASSIRSSYEQY	TRBV19	TRBJ2-7	AVMDSSYKLI	154:GILGFVFTL	1
ASSPLSTDTQY	TRBV19	TRBJ2-3	AALEPGFQKLV	155:GILGFVFTL	1
ASSPPPGAVETQY	TRBV19	TRBJ2-5	AVRDGTGANNLF	156:GILGFVFTL	1
ASSIRSSYEQY	TRBV19	TRBJ2-7	AGGGSQGNLI	157:GILGFVFTL	1
ASSPVGIGEAF	TRBV18	TRBJ1-1	AVSPMEYGNKLV	160:GILGFVFTL	1
ASSVRSSYEQY	TRBV19	TRBJ2-7	AAGGSQGNLI	161:GILGFVFTL	1
ASSARSTDTQY	TRBV19	TRBJ2-3	ALDMGGGSQGNLI	162:GILGFVFTL	1
ASSLERGNTEAF	TRBV7-8	TRBJ1-1	AALGAGGTSYGKLT	163:GILGFVFTL	1
ASSLAGAGGYT	TRBV27	TRBJ1-2	ILRDVGTGTASKLT	164:GILGFVFTL	1
ASSIRSSDTQY	TRBV19	TRBJ2-3	AGNYGGSQGNLI	166:GILGFVFTL	1
ASSTGQPQH	TRBV19	TRBJ1-5	AASGTSNSGYALN	168:GILGFVFTL	1
ASSTRSNQPQH	TRBV19	TRBJ1-5	AMSGEGGSQGNLI	169:GILGFVFTL	1
ASSIRSNYEQY	TRBV19	TRBJ2-7	AVSSDNTGKLI	172:GILGFVFTL	1
ASSVRSTGELF	TRBV19	TRBJ2-2	AGNYGGSQGNLI	173:GILGFVFTL	1
ASSIHSGNQPQH	TRBV19	TRBJ1-5	ALSEALSNFGNEKLT	176:GILGFVFTL	1
ASSIRSSYEQY	TRBV19	TRBJ2-7	ILRTNFGNEKLT	177:GILGFVFTL	1
ASSIRSTDTQY	TRBV19	TRBJ2-3	AGSGGGSQGNLI	178:GILGFVFTL	1
ASGRLSYNEQF	TRBV12-4	TRBJ2-1	AGGGSQGNLI	179:GILGFVFTL	1
ASSGRSADTQY	TRBV19	TRBJ2-3	AGAHGGSQGNLI	180:GILGFVFTL	1
ASSTKEGGTGELF	TRBV19	TRBJ2-2	ALRVMNRDDKII	182:GILGFVFTL	1
ASSIRSSYEQY	TRBV19	TRBJ2-7	AASEGGGSQGNLI	183:GILGFVFTL	1
ASSIGHYSGNTIY	TRBV19	TRBJ1-3	ALSEAMNNAGNMLT	184:GILGFVFTL	1
ASSIRSSHEQY	TRBV19	TRBJ2-7	AMNYGGSQGNLI	187:GILGFVFTL	1
ASSTRSSYEQY	TRBV19	TRBJ2-7	AGAGSQGNLI	189:GILGFVFTL	1
ASSIRSSYEQY	TRBV19	TRBJ2-7	AAGGSQGNLI	190:GILGFVFTL	1
ASSGRSGETQY	TRBV19	TRBJ2-5	AGQGSQGNLI	194:GILGFVFTL	1
ASSIRSSYEQY	TRBV19	TRBJ2-7	AVRYGNNRLA	196:GILGFVFTL	1
ASSIRSTYEQY	TRBV19	TRBJ2-7	AASVTNTGNQFY	197:GILGFVFTL	1
ASSGRSTGELF	TRBV19	TRBJ2-2	AGAGGGSQGNLI	203:GILGFVFTL	1
ASSLGTGENEQY	TRBV11-2	TRBJ2-7	AASEGGFKTI	205:GILGFVFTL	1
ASSIRSTDTQY	TRBV19	TRBJ2-3	VVNIGGGSQGNLI	206:GILGFVFTL	1
ASSSRASYEQY	TRBV19	TRBJ2-7	AGNYGGSQGNLI	213:GILGFVFTL	1
ASSIGLYGYT	TRBV19	TRBJ1-2	AVRKFGNEKLT	214:GILGFVFTL	1
ASSIRSAYEQY	TRBV19	TRBJ2-7	AGADGSSNTGKLI	215:GILGFVFTL	1
ASSTYSQDTQY	TRBV19	TRBJ2-3	AVDHLMNYGGSQGNLI	217:GILGFVFTL	1
ASSHRSSYEQY	TRBV19	TRBJ2-7	AVNLGGGSQGNLI	218:GILGFVFTL	1
ASSIRSSYEQY	TRBV19	TRBJ2-7	AGAGSQGNLI	220:GILGFVFTL	1
ASSIFYSSTDTQY	TRBV19	TRBJ2-3	AVDFRDNYGQNFV	221:GILGFVFTL	1
ASSIGTYGYT	TRBV19	TRBJ1-2	AYSVNAGGTSYGKLT	222:GILGFVFTL	1
ATTPGGSLSGYT	TRBV5-4	TRBJ1-2	AGGGSQGNLI	223:GILGFVFTL	1
ATSDGLAGGWANVLT	TRBV24-1	TRBJ2-6	IAHGGGGADGLT	224:GILGFVFTL	1
ASSMRSGSEQF	TRBV19	TRBJ2-1	AGAYGGSQGNLI	226:GILGFVFTL	1
ASSTPRQGSNTGELF	TRBV2	TRBJ2-2	AGAHGSSNTGKLI	230:GILGFVFTL	1
ASSIRSAYEQY	TRBV19	TRBJ2-7	AGAGSQGNLI	232:GILGFVFTL	1
ASSFSGDTEAF	TRBV28	TRBJ1-1	AVNSGGYQKVT	235:GILGFVFTL	1
ASSTRSTDTQY	TRBV19	TRBJ2-3	AGAGGGSQGNLI	236:GILGFVFTL	1
ASSIRSDDIQY	TRBV19	TRBJ2-4	GTADGGSQGNLI	237:GILGFVFTL	1
ASSIYSRGDEQF	TRBV19	TRBJ2-1	IVRGFSNSGYALN	238:GILGFVFTL	1
ASSIRSSYEQY	TRBV19	TRBJ2-7	AVSGSQGNLI	240:GILGFVFTL	1
ASSARSSSEQY	TRBV19	TRBJ2-7	AVAKDLQNSGGGADGLT	241:GILGFVFTL	1
ASSGRSGIEQY	TRBV19	TRBJ2-7	ALSNQGGKLI	242:GILGFVFTL	1
ASSGRSTDTQY	TRBV19	TRBJ2-3	AGAGGGSQGNLI	243:GILGFVFTL	1
ASSTRSTDTQY	TRBV19	TRBJ2-3	AGQTGGSQGNLI	244:GILGFVFTL	1
ASSWRSTDTQY	TRBV19	TRBJ2-3	AENTGGGSQGNLI	246:GILGFVFTL	1
ASTLGERNPRGYT	TRBV7-9	TRBJ1-2	AGAGSQGNLI	253:GILGFVFTL	1
ASSIRSSYEQY	TRBV19	TRBJ2-7	AGGGSQGNLI	254:GILGFVFTL	1
ASSSRDGGTDTQY	TRBV7-9	TRBJ2-3	AGGGSQGNLI	257:GILGFVFTL	1
ASSGGRNQPQH	TRBV5-4	TRBJ1-5	AGIDNYGQNFV	258:GILGFVFTL	1
ASSVLAGAYNEQF	TRBV19	TRBJ2-1	ALSELSGGYQKVT	260:GILGFVFTL	1
ASSIRSAYEQY	TRBV19	TRBJ2-7	AVTPSNTGKLI	263:GILGFVFTL	1
ASSFSGNTGELF	TRBV12-3	TRBJ2-2	AVSGSQGNLI	264:GILGFVFTL	1
ASSVRSTDTQY	TRBV19	TRBJ2-3	AGGDGGSQGNLI	265:GILGFVFTL	1
ASSVRSTDTQY	TRBV19	TRBJ2-3	AASPHSGGYQKVT	266:GILGFVFTL	1
ASSARSSYEQY	TRBV19	TRBJ2-7	AEMEGGSYIPT	267:GILGFVFTL	1
ASSARSSYEQY	TRBV19	TRBJ2-7	AETHSGGSNYKLT	270:GILGFVFTL	1
ASSWGGGSHYGYT	TRBV11-2	TRBJ1-2	AWSSNAGGTSYGKLT	271:GILGFVFTL	1
ASSIGSYGYT	TRBV19	TRBJ1-2	AFMKGAGGTSYGKLT	273:GILGFVFTL	1
ASSIRAAETQY	TRBV19	TRBJ2-5	AENSGGGSQGNLI	275:GILGFVFTL	1
ASSVRSADTQY	TRBV19	TRBJ2-3	ATDEGGGSQGNLI	278:GILGFVFTL	1
ASSTRSGDTQY	TRBV19	TRBJ2-3	AAPKGANNLF	279:GILGFVFTL	1
ASSVYSNQPQH	TRBV19	TRBJ1-5	AGPIDGGSQGNLI	280:GILGFVFTL	1
SASTQGALVLTNEQF	TRBV20-1	TRBJ2-1	AVWVYGQNFV	282:GILGFVFTL	1
ASSPRSTDTQY	TRBV19	TRBJ2-3	ALVYAGTASKLT	285:GILGFVFTL	1
ASSLFGRDLGGYT	TRBV12-3	TRBJ1-2	AGPYNQGGKLI	286:GILGFVFTL	1
ASSIRSSYEQY	TRBV19	TRBJ2-7	AALDSWGKFQ	287:GILGFVFTL	1
ASSMRSTGELF	TRBV19	TRBJ2-2	AGNYGGSQGNLI	288:GILGFVFTL	1
ASSIRSSFEAF	TRBV19	TRBJ1-1	AGATGGGSQGNLI	289:GILGFVFTL	1
ASSSYSYEQY	TRBV5-6	TRBJ2-7	AVRTTDSWGKLQ	290:GILGFVFTL	1
ASSIRSSYEQY	TRBV19	TRBJ2-7	AVVEGGGSQGNLI	294:GILGFVFTL	1
ASSMFGTDTQY	TRBV19	TRBJ2-3	AASGGGSQGNLI	295:GILGFVFTL	1
AISDSPNTGELF	TRBV10-3	TRBJ2-2	AVGGGGGSQGNLI	296:GILGFVFTL	1
ASSTRSAYEQY	TRBV19	TRBJ2-7	ADSGGGADGLT	298:GILGFVFTL	1
ASSIVSNQPQH	TRBV19	TRBJ1-5	AGTIAGGSQGNLI	301:GILGFVFTL	1
ASSTRSSYEQY	TRBV19	TRBJ2-7	AGGGSQGNLI	306:GILGFVFTL	1
ASSIRSSYEQY	TRBV19	TRBJ2-7	AVGGSQGNLI	307:GILGFVFTL	1
ASSLRSSYEQY	TRBV19	TRBJ2-7	AGNYGGSQGNLI	309:GILGFVFTL	1
ASSILSNQPQH	TRBV19	TRBJ1-5	AGPIDGGSQGNLI	311:GILGFVFTL	1
ASSKRSQEPQH	TRBV19	TRBJ1-5	AASGGGSQGNLI	313:GILGFVFTL	1
ASSIRSSYEQY	TRBV19	TRBJ2-7	AMTRSNTGNQFY	314:GILGFVFTL	1
ASSSRSGIEQY	TRBV19	TRBJ2-7	AAIPVRNGRMNYGGSQGNLI	316:GILGFVFTL	1
ASSTGIYGYT	TRBV19	TRBJ1-2	AFMVGAGGTSYGKLT	318:GILGFVFTL	1
ASSIGVYGYT	TRBV19	TRBJ1-2	AFMINAGGTSYGKLT	319:GILGFVFTL	1
ASSFRSGIEQY	TRBV19	TRBJ2-7	AVDMAGGSQGNLI	320:GILGFVFTL	1
ASSIGVYGYT	TRBV19	TRBJ1-2	AYGTNAGGTSYGKLT	322:GILGFVFTL	1
ASSSHQRTGVDEQF	TRBV27	TRBJ2-1	RNAGGTSYGKLT	325:GILGFVFTL	1
ASSIRSSYEQY	TRBV19	TRBJ2-7	AGEGGGSQGNLI	326:GILGFVFTL	1
ASSIRSAYEQY	TRBV19	TRBJ2-7	AGAFGSSNTGKLI	327:GILGFVFTL	1
ASSIGVYGYT	TRBV19	TRBJ1-2	AFMKDAGGTSYGKLT	328:GILGFVFTL	1
ASSIRSTDTQY	TRBV19	TRBJ2-3	AVTYSGAGSYQLT	329:GILGFVFTL	1
ASSIRASYEQY	TRBV19	TRBJ2-7	IVRVEGISNAGNMLT	331:GILGFVFTL	1
ASGRLSYNEQF	TRBV12-4	TRBJ2-1	ILRETSYDKVI	335:GILGFVFTL	1
ASSTRSSYEQY	TRBV19	TRBJ2-7	AGGGEGGSQGNLI	336:GILGFVFTL	1
ASSVRSSMNTEAF	TRBV9	TRBJ1-1	AFMKGAGGTSYGKLT	339:GILGFVFTL	1
ASSARSDEKLF	TRBV19	TRBJ1-4	APRGGGSEKLV	342:GILGFVFTL	1
ASSIVGTGTYEQY	TRBV19	TRBJ2-7	AVIRGMDSSYKLI	344:GILGFVFTL	1
ASAGTGVEKLF	TRBV19	TRBJ1-4	AVRDGTGANNLF	346:GILGFVFTL	1
ASSIGSYGYT	TRBV19	TRBJ1-2	AFMINAGGTSYGKLT	347:GILGFVFTL	1
ASSIHSGNQPQH	TRBV19	TRBJ1-5	AASPRDQPLSGAGSYQLT	350:GILGFVFTL	1
ASSIGVHGYT	TRBV19	TRBJ1-2	AFMTSPGGTSYGKLT	351:GILGFVFTL	1
ASTSGGSPLH	TRBV27	TRBJ1-6	AGGGSQGNLI	353:GILGFVFTL	1
ASSPGTSSIYEQY	TRBV4-2	TRBJ2-7	AMREWNTGNQFY	357:GILGFVFTL	1
ASSPLQGANTGELF	TRBV7-9	TRBJ2-2	AYSPAAGGTSYGKLT	358:GILGFVFTL	1
ASSSGLAGGNEQF	TRBV7-9	TRBJ2-1	AGHTGNQFY	359:GILGFVFTL	1
ASSIRSSYEQY	TRBV19	TRBJ2-7	AGAIGSSNTGKLI	361:GILGFVFTL	1
ASSFGSYGYT	TRBV19	TRBJ1-2	AYMSNAGGTSYGKLT	362:GILGFVFTL	1
ASSIRSSYEQY	TRBV19	TRBJ2-7	AGGGSSNTGKLI	363:GILGFVFTL	1
ASSEGGVETQY	TRBV13	TRBJ2-5	AYRSAESGSEKLV	365:GILGFVFTL	1
ASSSRSTDTQY	TRBV19	TRBJ2-3	AGAGGGSQGNLI	366:GILGFVFTL	1
ASSVSGATADTQY	TRBV9	TRBJ2-3	AGPEGGYSGAGSYQLT	368:GILGFVFTL	1
ASSMRSTDTQY	TRBV19	TRBJ2-3	AGAGGGSQGNLI	369:GILGFVFTL	1
ASSIRSSHEQY	TRBV19	TRBJ2-7	AGGYGGSQGNLI	373:GILGFVFTL	1
ASSLGTANYGYT	TRBV5-4	TRBJ1-2	AGEGGGSQGNLI	375:GILGFVFTL	1
ASSYLAGEITDTQY	TRBV6-6	TRBJ2-3	AVRDISVSGGYQKVT	380:GILGFVFTL	1
ASGGLVHEQF	TRBV19	TRBJ2-1	AVRDIGEYGNKLV	385:GILGFVFTL	1
ASSFYSNQPQH	TRBV19	TRBJ1-5	AGAGQGGSQGNLI	387:GILGFVFTL	1
ASSARAGITQY	TRBV19	TRBJ2-3	AVGSWGKLQ	389:GILGFVFTL	1
ASSPDLGYEQY	TRBV7-9	TRBJ2-7	AGGGQGGSQGNLI	390:GILGFVFTL	1
ASSSRSAYEQY	TRBV19	TRBJ2-7	AGAGSQGNLI	391:GILGFVFTL	1
ASSSGLFS	TRBV19	TRBJ1-1	AAISVGGSNYKLT	393:GILGFVFTL	1
AASSRSTDTQY	TRBV10-1	TRBJ2-3	AGTYGGSQGNLI	395:GILGFVFTL	1
ASSIRSSYEQY	TRBV19	TRBJ2-7	AGDLVIYGGSQGNLI	397:GILGFVFTL	1
ASSIGSYGYT	TRBV19	TRBJ1-2	AFMKDAGGTSYGKLT	398:GILGFVFTL	1
ASSSRSSGEQY	TRBV19	TRBJ2-7	AGAYGGSQGNLI	400:GILGFVFTL	1
ASSEGQVSPGELF	TRBV2	TRBJ2-2	AYGGSQGNLI	401:GILGFVFTL	1
ASSIRSSNEQF	TRBV19	TRBJ2-1	GTGLGGGSQGNLI	402:GILGFVFTL	1
ASSIRASYEQY	TRBV19	TRBJ2-7	AGAMGGGSQGNLI	405:GILGFVFTL	1
ASSIRSAYEQY	TRBV19	TRBJ2-7	AGASGSGNTGKLI	409:GILGFVFTL	1
ASSEDPATNEKLF	TRBV6-1	TRBJ1-4	AVNSGGGADGLT	410:GILGFVFTL	1
ASSIGLYGYT	TRBV19	TRBJ1-2	AYSYGAGGTSYGKLT	411:GILGFVFTL	1
ASSFLDRGPNTEAF	TRBV12-3	TRBJ1-1	AYGGSQGNLI	412:GILGFVFTL	1
ASSTRATGELF	TRBV19	TRBJ2-2	AVNPGSARQLT	414:GILGFVFTL	1
ASSLRDGSEAF	TRBV5-6	TRBJ1-1	AFMKGAGGTSYGKLT	416:GILGFVFTL	1
ASSIRSSYEQY	TRBV19	TRBJ2-7	AGAFGSSNTGKLI	417:GILGFVFTL	1
ASAGTGVEKLF	TRBV19	TRBJ1-4	AVRDGTGANNLF	419:GILGFVFTL	1
ASSQRSTGELF	TRBV19	TRBJ2-2	AGSHGGSQGNLI	421:GILGFVFTL	1
ASSIGLYGYT	TRBV19	TRBJ1-2	AWGHNAGGTSYGKLT	423:GILGFVFTL	1
ASSYSSGGADTQY	TRBV6-3	TRBJ2-3	AGAGDGGSQGNLI	427:GILGFVFTL	1
ASSLEVGLGGYT	TRBV7-8	TRBJ1-2	ALRLEGGSGTYKYI	428:GILGFVFTL	1
ASSFGVYEQY	TRBV12-3	TRBJ2-7	AYSSGAGGTSYGKLT	430:GILGFVFTL	1
ASSTKEGGTGEQF	TRBV19	TRBJ2-2	ALRVMNRDDKII	431:GILGFVFTL	1
ASSIRSSYEQY	TRBV19	TRBJ2-7	AENKREAGNTPLV	433:GILGFVFTL	1
ASTPQGAYEQY	TRBV6-5	TRBJ2-7	SAGSNYQLI	435:GILGFVFTL	1
ASSAGSYGYT	TRBV19	TRBJ1-2	AFMTNAGGTSYGKLT	437:GILGFVFTL	1
ASSIRSSYEQY	TRBV19	TRBJ2-7	AGAGNTGKLI	438:GILGFVFTL	1
ASSIRSSYEQY	TRBV19	TRBJ2-7	ATEGAYSGAGSYQLT	441:GILGFVFTL	1
AWTGTGKIGWDSPLH	TRBV30	TRBJ1-6	ALKLIKAAGNKLT	443:GILGFVFTL	1
ASSLRVSYNEQF	TRBV12-4	TRBJ2-1	AVRVPDQTGANNLF	446:GILGFVFTL	1
ASSRGQLYEQY	TRBV7-2	TRBJ2-7	ALSEATSGTYKYI	448:GILGFVFTL	1
ASSIRSSYEQY	TRBV19	TRBJ2-7	AGGGSQGNLI	449:GILGFVFTL	1
ASSIRASHEQF	TRBV19	TRBJ2-1	AVNGGGGSQGNLI	450:GILGFVFTL	1
ASSQRSTDTQY	TRBV19	TRBJ2-3	GTSGAGSYQLT	451:GILGFVFTL	1
ASSTIEGQGGRHTQY	TRBV9	TRBJ2-3	AEISSGGSYIPT	452:GILGFVFTL	1
ASSIRSSYEQY	TRBV19	TRBJ2-7	AGASPGGYGGSQGNLI	456:GILGFVFTL	1
ASSIRSSYEQY	TRBV19	TRBJ2-7	AGVGGGSQGNLI	461:GILGFVFTL	1
ASSFGMHGYT	TRBV19	TRBJ1-2	APLLQGAQKLV	462:GILGFVFTL	1
ASSYPGTGTSNQPQH	TRBV6-6	TRBJ1-5	AAPYGGSQGNLI	465:GILGFVFTL	1
ASSSFGGRELF	TRBV19	TRBJ2-2	AENMRNTDKLI	466:GILGFVFTL	1
ASGAGGPLNEQF	TRBV19	TRBJ2-1	AMSERNNARLM	467:GILGFVFTL	1
ASSVRHGTEAF	TRBV19	TRBJ1-1	AVAKDLQNSGGGADGLT	468:GILGFVFTL	1
ASSIRSAYEQY	TRBV19	TRBJ2-7	AGAGSSNTGKLI	469:GILGFVFTL	1
ASSFRSGETQY	TRBV19	TRBJ2-5	AENIGGGSQGNLI	470:GILGFVFTL	1
ASSKQTGTGNYGYT	TRBV6-5	TRBJ1-2	ARNTGNQFY	471:GILGFVFTL	1
ASSIRSEYEQY	TRBV19	TRBJ2-7	AGSNTNAGKST	475:GILGFVFTL	1
ASSIRSSYEQY	TRBV19	TRBJ2-7	AVNAGGGSQGNLI	476:GILGFVFTL	1
ASSGRSTDTQY	TRBV19	TRBJ2-3	AQGDGGSQGNLI	479:GILGFVFTL	1
ASSSRSSYEQY	TRBV19	TRBJ2-7	AVNPSNTGKLI	485:GILGFVFTL	1
ASSYGKPLYSNQPQH	TRBV6-5	TRBJ1-5	AGLGGKLI	488:GILGFVFTL	1
ASSLTGAGYEQY	TRBV4-3	TRBJ2-7	AVSDHSGGSNYKLT	493:GILGFVFTL	1
ASSQDWGAGTQY	TRBV14	TRBJ2-5	AGLSGGSYIPT	495:GILGFVFTL	1
ASSFSGNTGELF	TRBV12-3	TRBJ2-2	AFMINAGGTSYGKLT	496:GILGFVFTL	1
ASSIRSSYEQY	TRBV19	TRBJ2-7	AASGSQGNLI	499:GILGFVFTL	1
ASSARSSYEQY	TRBV19	TRBJ2-7	AMNPAWGGATNKLI	500:GILGFVFTL	1
ASSGRSQETQY	TRBV19	TRBJ2-5	ADSSSNTGKLI	504:GILGFVFTL	1
ASAPDGFFYGYT	TRBV12-5	TRBJ1-2	AVNAGGGSQGNLI	506:GILGFVFTL	1
ASSIRSSYEQY	TRBV19	TRBJ2-7	AGGGSSNTGKLI	510:GILGFVFTL	1
ASSLVGSASGYNSPLH	TRBV11-3	TRBJ1-6	AENDHNNNDMR	513:GILGFVFTL	1
ASSTGIYGYT	TRBV19	TRBJ1-2	AFMKGAGGTSYGKLT	514:GILGFVFTL	1
ASSIRSSYEQY	TRBV19	TRBJ2-7	AVTDGGSQGNLI	515:GILGFVFTL	1
ASSILSNTEAF	TRBV19	TRBJ1-1	AMRGDPGGTSYGKLT	524:GILGFVFTL	1
ASSIRSSYEQY	TRBV19	TRBJ2-7	AGAWNTGKLI	525:GILGFVFTL	1
ASSSPPDRGPNTGELF	TRBV7-9	TRBJ2-2	AVGYSGGYQKVT	526:GILGFVFTL	1
ASSYTGGLRYGYT	TRBV12-3	TRBJ1-2	AAMETSYDKVI	527:GILGFVFTL	1
ASSMRAGVEQF	TRBV19	TRBJ2-1	AVQAGGNKLT	529:GILGFVFTL	1
ASSIGSYGYT	TRBV19	TRBJ1-2	AFMISAGGTSYGKLT	530:GILGFVFTL	1
ASPAGNTEAF	TRBV12-5	TRBJ1-1	AVGAYNTDKLI	532:GILGFVFTL	1
ASSIRSTDTQY	TRBV19	TRBJ2-3	AGGGDGGSQGNLI	534:GILGFVFTL	1
ASSIRSSYEQY	TRBV19	TRBJ2-7	AAQGSQGNLI	537:GILGFVFTL	1
ASSIRSSYEQY	TRBV19	TRBJ2-7	AGSGSQGNLI	538:GILGFVFTL	1
ASSIRSDEKLF	TRBV19	TRBJ1-4	AGGNYGGSQGNLI	539:GILGFVFTL	1
ASSTRSSYEQY	TRBV19	TRBJ2-7	AFMKGAGGTSYGKLT	540:GILGFVFTL	1
ASSIRSSYEQY	TRBV19	TRBJ2-7	APGGDGGSQGNLI	544:GILGFVFTL	1
ASSIYSNQPQH	TRBV19	TRBJ1-5	AGPLSGGSQGNLI	546:GILGFVFTL	1
ASSIGVYGYT	TRBV19	TRBJ1-2	AAQGSQGNLI	547:GILGFVFTL	1
ASSLVLGQVYEQY	TRBV12-3	TRBJ2-7	AAGGYSGAGSYQLT	549:GILGFVFTL	1
ASSIRSAYEQY	TRBV19	TRBJ2-7	AGASGSSNTGKLI	551:GILGFVFTL	1
ASSIRSAYEQY	TRBV19	TRBJ2-7	AVVLGSGNTGKLI	552:GILGFVFTL	1
ASSFRATDTQY	TRBV19	TRBJ2-3	AENSGGGSQGNLI	553:GILGFVFTL	1
ASSQLGRGDNEQF	TRBV7-9	TRBJ2-1	AGGGDGGSQGNLI	558:GILGFVFTL	1
ASSQERGGKWAYEQY	TRBV4-3	TRBJ2-7	AANGENNAGNMLT	559:GILGFVFTL	1
ASSIGLGEQY	TRBV19	TRBJ2-7	AGQYRDDKII	560:GILGFVFTL	1
ASSVDGGGLDEQF	TRBV9	TRBJ2-1	ALSEVSNAGGTSYGKLT	562:GILGFVFTL	1
ASSTSTGTGYGYT	TRBV4-1	TRBJ1-2	AETQDSNYQLI	565:GILGFVFTL	1
ASSSRSSYEQY	TRBV19	TRBJ2-7	AGAGSQGNLI	567:GILGFVFTL	1
SANSDRVSYNEQF	TRBV20-1	TRBJ2-1	IAGASFSGGYNKLI	571:GILGFVFTL	1
ASSSRDGGTDTQY	TRBV7-9	TRBJ2-3	AFMKGAGGTSYGKLT	572:GILGFVFTL	1
ASSGRSNTEAF	TRBV19	TRBJ1-1	AEGGNGGSQGNLI	575:GILGFVFTL	1
ASSIRSSYEQF	TRBV19	TRBJ2-1	AGGGSQGNLI	576:GILGFVFTL	1
ASSFRATDTQY	TRBV19	TRBJ2-3	AENSGGGSQGNLI	578:GILGFVFTL	1
ASSIGYYGYT	TRBV19	TRBJ1-2	AFMIGSGGTSYGKLT	581:GILGFVFTL	1
ASSSRASYEQY	TRBV19	TRBJ2-7	VVKAYGQNFV	582:GILGFVFTL	1
ASSIGLYGYT	TRBV19	TRBJ1-2	AGAGSQGNLI	584:GILGFVFTL	1
ASSIRSSYEQY	TRBV19	TRBJ2-7	AGGGSQGNLI	585:GILGFVFTL	1
ASSQRSSYEQY	TRBV19	TRBJ2-7	AGQLGGGSQGNLI	588:GILGFVFTL	1
ASSIRSSYEQY	TRBV19	TRBJ2-7	AAGGSQGNLI	590:GILGFVFTL	1
ASSFYSNQPQH	TRBV19	TRBJ1-5	ATDAMPPGGNTGKLI	595:GILGFVFTL	1
ASSISSTGELF	TRBV19	TRBJ2-2	AERQNFV	597:GILGFVFTL	1
AWTGTGKIGWDSPLH	TRBV30	TRBJ1-6	AGPGDGGSQGNLI	598:GILGFVFTL	1
ASSIRAGETQY	TRBV19	TRBJ2-5	AENMGGGSQGNLI	600:GILGFVFTL	1
ASSVRSSYEQY	TRBV19	TRBJ2-7	APSAGGGSQGNLI	601:GILGFVFTL	1
ASSIRSSDTQY	TRBV19	TRBJ2-3	VVNIGGGSQGNLI	603:GILGFVFTL	1
ASSQRSTDTQY	TRBV19	TRBJ2-3	GTVLEGGSQGNLI	604:GILGFVFTL	1
ASSGRSADTQY	TRBV19	TRBJ2-3	AADNQGGKLI	605:GILGFVFTL	1
ASSIRSNQPQH	TRBV19	TRBJ1-5	AMSGEGGSQGNLI	606:GILGFVFTL	1
ASSIRSSETQY	TRBV19	TRBJ2-5	AAKSNTGKLI	607:GILGFVFTL	1
ASSLRSSYEQY	TRBV19	TRBJ2-7	VVNIGGGSQGNLI	608:GILGFVFTL	1
ASSTRSTDTQY	TRBV19	TRBJ2-3	GTDEAGGSQGNLI	609:GILGFVFTL	1
ASRPKQGGGGNEQF	TRBV27	TRBJ2-1	AVNDYKLS	610:GILGFVFTL	1
ASSARSSYEQY	TRBV19	TRBJ2-7	AVTDGGSQGNLI	611:GILGFVFTL	1
ASSIRASYEQY	TRBV19	TRBJ2-7	VGYTNAGKST	612:GILGFVFTL	1
ASRGAGELF	TRBV2	TRBJ2-2	AMKKYNFNKFY	613:GILGFVFTL	1
ASSAQANQPQH	TRBV25-1	TRBJ1-5	AEGARDSNYQLI	615:GILGFVFTL	1
ASSARSSYEQY	TRBV19	TRBJ2-7	AASGGGSQGNLI	616:GILGFVFTL	1
ASSPSSSYEQY	TRBV12-4	TRBJ2-7	AGADGGGSQGNLI	617:GILGFVFTL	1
ASSIRSSYEQY	TRBV19	TRBJ2-7	ASGGSQGNLI	619:GILGFVFTL	1
ASSSRSQYEQY	TRBV19	TRBJ2-7	AGQSEEANYGGSQGNLI	620:GILGFVFTL	1
ASSIYSGPGNTIY	TRBV19	TRBJ1-3	AYRSLPMDSNYQLI	626:GILGFVFTL	1
ASSLGAGFLQETQY	TRBV28	TRBJ2-5	AMREGQTNFGNEKLT	627:GILGFVFTL	1
ASSLEAGSYNEQF	TRBV11-3	TRBJ2-1	AVISGYNKLI	628:GILGFVFTL	1
ASSIGVHGYT	TRBV19	TRBJ1-2	AMRSTGNQFY	629:GILGFVFTL	1
ATSDISITEAF	TRBV24-1	TRBJ1-1	AVRDLKANAGKST	633:GILGFVFTL	1
ASSSFLGAEAF	TRBV19	TRBJ1-1	ALSEAGTGGSYIPT	634:GILGFVFTL	1
ASSLTVLYGYT	TRBV19	TRBJ1-2	AFMKGAGGTSYGKLT	636:GILGFVFTL	1
ASSIRSSYEQY	TRBV19	TRBJ2-7	ATNYGGSQGNLI	637:GILGFVFTL	1
ASGVRSGEVEQF	TRBV19	TRBJ2-1	ALLMDSNYQLI	639:GILGFVFTL	1
ASRRDGPSYEQY	TRBV28	TRBJ2-7	AARTGNQFY	642:GILGFVFTL	1
ASSVEAAGAGELF	TRBV9	TRBJ2-2	AGAGSQGNLI	643:GILGFVFTL	1
ASSISSTGELF	TRBV19	TRBJ2-2	AVRDGTGANNLF	644:GILGFVFTL	1
ASSISSTGELF	TRBV19	TRBJ2-2	AVRDGTANNLF	648:GILGFVFTL	1
ASSLQSSYEQY	TRBV27	TRBJ2-7	AVRDPLTPLV	649:GILGFVFTL	1
ASSIGLYGYT	TRBV19	TRBJ1-2	AYSPASGGTSYGKLT	651:GILGFVFTL	1
ASSQLGRGDNEQF	TRBV7-9	TRBJ2-1	AADNYGGSQGNLI	654:GILGFVFTL	1
ASSSRSAYEQY	TRBV19	TRBJ2-7	AGGGSQGNLI	655:GILGFVFTL	1
ASSVRSSYEQY	TRBV19	TRBJ2-7	AGGGSQGNLI	657:GILGFVFTL	1
ASSMRSTGELF	TRBV19	TRBJ2-2	AGGSGGSQGNLI	661:GILGFVFTL	1
ASSVRSSYEQY	TRBV19	TRBJ2-7	AVGGDMR	662:GILGFVFTL	1
ASSIGVHGYT	TRBV19	TRBJ1-2	AATGGGSQGNLI	664:GILGFVFTL	1
ASSALVLYATDTQY	TRBV28	TRBJ2-3	AVVRGGADGLT	665:GILGFVFTL	1
ASSSYGSYEQY	TRBV19	TRBJ2-7	AVNPGNTGKLI	666:GILGFVFTL	1
ASSIRSSYEQY	TRBV19	TRBJ2-7	ALSEGVGKLI	667:GILGFVFTL	1
ASSIRSAYEQY	TRBV19	TRBJ2-7	AGAVGSSNTGKLI	669:GILGFVFTL	1
ASSSLGGHGEAF	TRBV7-9	TRBJ1-1	AFMKGAGGTSYGKLT	671:GILGFVFTL	1
ASSEEAGEYNEQF	TRBV6-1	TRBJ2-1	AFMKGAGGTSYGKLT	674:GILGFVFTL	1
ASSIRSAYEQY	TRBV19	TRBJ2-7	ILPLAGGTSYGKLT	675:GILGFVFTL	1
ASSMRSSYEQY	TRBV19	TRBJ2-7	AGDGSQGNLI	676:GILGFVFTL	1
ASSIRSTYEQY	TRBV19	TRBJ2-7	AGPATNAGKST	680:GILGFVFTL	1
ASAFYSNQPQH	TRBV19	TRBJ1-5	AVNTPPGDSNYQLI	683:GILGFVFTL	1
ASSARSSYEQY	TRBV19	TRBJ2-7	AASGYDYKLS	686:GILGFVFTL	1
ASSTRSSYEQY	TRBV19	TRBJ2-7	AGAGSQGNLI	687:GILGFVFTL	1
ASSIRSSYEQY	TRBV19	TRBJ2-7	AGGGSQGNLI	688:GILGFVFTL	1
ASSFLAGGYNEQF	TRBV7-8	TRBJ2-1	ILWVAAGNKLT	689:GILGFVFTL	1
ASSTRSTDTQY	TRBV19	TRBJ2-3	AGNYGGSQGNLI	692:GILGFVFTL	1
SAPRGSGTIDTQY	TRBV20-1	TRBJ2-3	AGGGSQGNLI	693:GILGFVFTL	1
ASSIRSSYEQY	TRBV19	TRBJ2-7	AENYGGSQGNLI	697:GILGFVFTL	1
ASSSRSHQPQH	TRBV19	TRBJ1-5	AGSYGGSQGNLI	699:GILGFVFTL	1
ASSIRSSYEQY	TRBV19	TRBJ2-7	ASAGSQGNLI	700:GILGFVFTL	1
ASSQGAYGYT	TRBV19	TRBJ1-2	AVAVGVSGGGADGLT	701:GILGFVFTL	1
ASSIRSSYEQY	TRBV19	TRBJ2-7	AENMSGGSQGNLI	702:GILGFVFTL	1
ASSMRSGSEQF	TRBV19	TRBJ2-1	AMRDTNAGGTSYGKLT	703:GILGFVFTL	1
ASSIRSSYEQY	TRBV19	TRBJ2-7	AVGGSQGNLI	706:GILGFVFTL	1
ASSPRSDSPLH	TRBV19	TRBJ1-6	AGTHGGSQGNLI	707:GILGFVFTL	1
ASSIRSGYEQY	TRBV19	TRBJ2-7	AGADGGGSQGNLI	710:GILGFVFTL	1
ASSTRAAYEQY	TRBV19	TRBJ2-7	AVNGGGGSQGNLI	712:GILGFVFTL	1
ASSLGSYGYT	TRBV19	TRBJ1-2	AFMTNAGGTSYGKLT	714:GILGFVFTL	1
ASSLLWAEYNEQF	TRBV4-1	TRBJ2-1	AYSPAAGGTSYGKLT	715:GILGFVFTL	1
ASSIRSADTQY	TRBV19	TRBJ2-3	AGAGGGSQGNLI	716:GILGFVFTL	1
ASSIGAYGYT	TRBV19	TRBJ1-2	AFMKGAGGTSYGKLT	719:GILGFVFTL	1
ASSMRSADTQY	TRBV19	TRBJ2-3	AGAGGGSQGNLI	720:GILGFVFTL	1
ASSLGFTDTQY	TRBV27	TRBJ2-3	IVRVANTDKLI	724:GILGFVFTL	1
ASSLEVGQETQY	TRBV27	TRBJ2-5	AFIQGAQKLV	726:GILGFVFTL	1
ASSIRSTNEQF	TRBV19	TRBJ2-1	AGSSGGSQGNLI	728:GILGFVFTL	1
ASSQRSTDTQY	TRBV19	TRBJ2-3	AGADGGSQGNLI	729:GILGFVFTL	1
ASSIGVHGYT	TRBV19	TRBJ1-2	AFMKGAGGTSYGKLT	730:GILGFVFTL	1
ASSIRSSYEQY	TRBV19	TRBJ2-7	AVSGSQGNLI	731:GILGFVFTL	1
ASSSTGGGEKDQPQH	TRBV5-4	TRBJ1-5	AAKEGYSTLT	732:GILGFVFTL	1
ASSIRSGNEQF	TRBV19	TRBJ2-1	AENNGGGSQGNLI	734:GILGFVFTL	1
ASSSRSSYEQY	TRBV19	TRBJ2-7	AGALGGSQGNLI	735:GILGFVFTL	1
ASSIRSSYEQY	TRBV19	TRBJ2-7	ALSPGGGSQGNLI	736:GILGFVFTL	1
ASSFRSADTQY	TRBV19	TRBJ2-3	AGAGGGSQGNLI	743:GILGFVFTL	1
ASSQLGRGDNEQF	TRBV7-9	TRBJ2-1	AREHMDSNYQLI	747:GILGFVFTL	1
ASSSRASHEQY	TRBV19	TRBJ2-7	AVNLGGGSQGNLI	748:GILGFVFTL	1
ASSVDSGSDYEQY	TRBV9	TRBJ2-7	AGGGSQGNLI	749:GILGFVFTL	1
ASSIRSTTEAF	TRBV19	TRBJ1-1	AVNYQGGSEKLV	751:GILGFVFTL	1
ASSFGEQF	TRBV7-2	TRBJ2-1	VVLNTDKLI	752:GILGFVFTL	1
ASSGRSTDTQY	TRBV19	TRBJ2-3	VVNMDNARLM	753:GILGFVFTL	1
ASSYSGHVNTEAF	TRBV6-5	TRBJ1-1	AYEVRDDKII	754:GILGFVFTL	1
SARDLTAGSYEQY	TRBV20-1	TRBJ2-7	AGGGSQGNLI	756:GILGFVFTL	1
ASSIGSHGYT	TRBV19	TRBJ1-2	AFMIGPGGTSYGKLT	757:GILGFVFTL	1
ASSIRSTDTQY	TRBV19	TRBJ2-3	AVDEGGGSQGNLI	758:GILGFVFTL	1
SARDIERTGELF	TRBV20-1	TRBJ2-2	AVGQNNARLM	760:GILGFVFTL	1
ASSIGYYGYT	TRBV19	TRBJ1-2	AFMLDAGGTSYGKLT	761:GILGFVFTL	1
ASSIRSAYEQY	TRBV19	TRBJ2-7	AGADGSGNTGKLI	765:GILGFVFTL	1
ASSIRSGAEQY	TRBV19	TRBJ2-7	AMRDGGGSQGNLI	766:GILGFVFTL	1
ASSSRSSYEQY	TRBV19	TRBJ2-7	AGAGSQGNLI	767:GILGFVFTL	1
ASSPRSNQPQH	TRBV19	TRBJ1-5	AASVYRGYNNNDMR	768:GILGFVFTL	1
ASSIRSSYEQY	TRBV19	TRBJ2-7	AFMINAGGTSYGKLT	770:GILGFVFTL	1
ASSYSYEQY	TRBV7-2	TRBJ2-7	AGGGSQGNLI	771:GILGFVFTL	1
ASSLVVTSGFNEQF	TRBV7-7	TRBJ2-1	AGPDNYGQNFV	777:GILGFVFTL	1
SVGTGDWGEQY	TRBV29-1	TRBJ2-7	AFMTNAGGTSYGKLT	778:GILGFVFTL	1
ASSTFSSGRTEAF	TRBV19	TRBJ1-1	ADPFSSNTGKLI	780:GILGFVFTL	1
ASSIRSSYEQY	TRBV19	TRBJ2-7	AGPGSQGNLI	782:GILGFVFTL	1
ASSGRSTDTQY	TRBV19	TRBJ2-3	AVNLTNNAGNMLT	783:GILGFVFTL	1
ASSLVEGGLAGSYNEQF	TRBV7-6	TRBJ2-1	AVRDIIYGNNRLA	784:GILGFVFTL	1
ASSLAQRSEQY	TRBV27	TRBJ2-7	AVPGAGSYQLT	785:GILGFVFTL	1
ASSTRSGTEAF	TRBV19	TRBJ1-1	AEEGGGGSQGNLI	787:GILGFVFTL	1
ASSIRSAYEQY	TRBV19	TRBJ2-7	AGADGSSNTGKLI	788:GILGFVFTL	1
ASSFSGNTGELF	TRBV12-3	TRBJ2-2	AGGGDGGSQGNLI	789:GILGFVFTL	1
ASSGRSSQPQH	TRBV19	TRBJ1-5	AGPGSQGNLI	790:GILGFVFTL	1
ASSTGAWGYT	TRBV19	TRBJ1-2	ALDSNAGGTSYGKLT	791:GILGFVFTL	1
ASSTRSTDTQY	TRBV19	TRBJ2-3	AMNYGGSQGNLI	793:GILGFVFTL	1
ASSIFSTPNQPQH	TRBV19	TRBJ1-5	AMREGMEYGNKLV	794:GILGFVFTL	1
ASSQDPSRTYEQY	TRBV7-9	TRBJ2-7	AVAKDLQNSGGGADGLT	795:GILGFVFTL	1
ASSQVEAFYEQY	TRBV4-1	TRBJ2-7	ALSEAGKTSYDKVI	796:GILGFVFTL	1
ASSQDLTSEAF	TRBV4-3	TRBJ1-1	AVKPGTASKLT	802:GILGFVFTL	1
ASSARSSYEQY	TRBV19	TRBJ2-7	VVNRWASGTYKYI	804:GILGFVFTL	1
ASSIGVYGYT	TRBV19	TRBJ1-2	AFMSSPGGTSYGKLT	806:GILGFVFTL	1
ASSQRPSEVGELF	TRBV4-2	TRBJ2-2	AEMEGGSYIPT	807:GILGFVFTL	1
ASSIRSSYEQY	TRBV19	TRBJ2-7	AFMKGAGGTSYGKLT	808:GILGFVFTL	1
ASSIRSSYEQY	TRBV19	TRBJ2-7	AVFGGYQKVT	809:GILGFVFTL	1
ASSLAGEVNEQF	TRBV7-6	TRBJ2-1	AVRDNYGQNFV	811:GILGFVFTL	1
ASSIGSYGYT	TRBV19	TRBJ1-2	AFMINAGGTSYGKLT	812:GILGFVFTL	1
ASSARSSTEQY	TRBV19	TRBJ2-7	AVAKDLQNSGGGADGLT	813:GILGFVFTL	1
ASSIRSGETQY	TRBV19	TRBJ2-5	AVNIGGGSQGNLI	817:GILGFVFTL	1
ASSFGSHGYT	TRBV19	TRBJ1-2	AFMTNAGGTSYGKLT	818:GILGFVFTL	1
ASSIRASGVEQF	TRBV19	TRBJ2-1	ALSGVGGFGNEKLT	819:GILGFVFTL	1
ASSIGVYGYT	TRBV19	TRBJ1-2	AFMSNAGGTSYGKLT	823:GILGFVFTL	1
ASSIGSYGYT	TRBV19	TRBJ1-2	AFMISAGGTSYGKLT	825:GILGFVFTL	1
ASSIRSAYEQY	TRBV19	TRBJ2-7	AGAPSSSNTGKLI	826:GILGFVFTL	1
ASSVRSSYEQY	TRBV19	TRBJ2-7	AEGGSQGNLI	827:GILGFVFTL	1
ASSPGRVYGYT	TRBV27	TRBJ1-2	AGGEYGNKLV	829:GILGFVFTL	1
ASSIRASYEQY	TRBV19	TRBJ2-7	VVNGLGGYSTLT	830:GILGFVFTL	1
ASSIRASYEQY	TRBV19	TRBJ2-7	ALKAGTALI	832:GILGFVFTL	1
ASSIGSHGYT	TRBV19	TRBJ1-2	ATAKYNAGGTSYGKLT	833:GILGFVFTL	1
ASSIRSADTQY	TRBV19	TRBJ2-3	AGAGGGSQGNLI	836:GILGFVFTL	1
ASSLGTANYGYT	TRBV5-4	TRBJ1-2	AFMINAGGTSYGKLT	837:GILGFVFTL	1
ASSPEDRVGDNTEAF	TRBV11-1	TRBJ1-1	AVAKDLQNSGGGADGLT	839:GILGFVFTL	1
ASSDRSNQPQH	TRBV19	TRBJ1-5	AATNQAGTALI	840:GILGFVFTL	1
ASSIGVYGYT	TRBV19	TRBJ1-2	AFMKDAGGTSYGKLT	843:GILGFVFTL	1
ASSTRSAYEQY	TRBV19	TRBJ2-7	APLYNFNKFY	844:GILGFVFTL	1
ASSTGQPQH	TRBV19	TRBJ1-5	AASGTGGFKTI	845:GILGFVFTL	1
ASSSRASYEQY	TRBV19	TRBJ2-7	AVNMGGGSQGNLI	847:GILGFVFTL	1
ASRTGGFEAF	TRBV6-3	TRBJ1-1	AVRETGANNLF	848:GILGFVFTL	1
ASSDSRTPFQRPLFEAF	TRBV6-4	TRBJ1-1	AGGGSQGNLI	849:GILGFVFTL	1
ASSYNVRDGDYGYT	TRBV6-5	TRBJ1-2	AYRADSNYQLI	850:GILGFVFTL	1
ASSLFPGFGEQY	TRBV27	TRBJ2-7	AGPFGRLM	853:GILGFVFTL	1
ASSIRSSYEQY	TRBV19	TRBJ2-7	ASGGSQGNLI	855:GILGFVFTL	1
ASSIRGAYEQY	TRBV19	TRBJ2-7	AASTDSWGKLQ	856:GILGFVFTL	1
ASSIGLYGYT	TRBV19	TRBJ1-2	AYSPAAGGTSYGKLT	857:GILGFVFTL	1
ASSTRSSYEQY	TRBV19	TRBJ2-7	AVNAGGGSQGNLI	858:GILGFVFTL	1
ASSFLDRGPNTEAF	TRBV12-3	TRBJ1-1	VVTETSYDKVI	859:GILGFVFTL	1
ASSIRSSYEQY	TRBV19	TRBJ2-7	AAGGSQGNLI	860:GILGFVFTL	1
ASSTKVGGTGELF	TRBV19	TRBJ2-2	ALRVMNRDDKII	862:GILGFVFTL	1
SARVRGDVYGYT	TRBV20-1	TRBJ1-2	AGARAGGTSYGKLT	863:GILGFVFTL	1
ASSIRASYEQY	TRBV19	TRBJ2-7	AARGGGGSQGNLI	864:GILGFVFTL	1
ASYTSDYGYT	TRBV25-1	TRBJ1-2	AVRDRVDGTASKLT	869:GILGFVFTL	1
ASSIRSSYEQY	TRBV19	TRBJ2-7	AVSKTGNKLV	870:GILGFVFTL	1
ASMGLAGLNEQF	TRBV19	TRBJ2-1	ATDAGGGSQGNLI	873:GILGFVFTL	1
ASSGRSADTQY	TRBV19	TRBJ2-3	AADNQGGKLI	876:GILGFVFTL	1
ASSIRSSYEQY	TRBV19	TRBJ2-7	AVGGYGGSQGNLI	878:GILGFVFTL	1
ASSIRASYEQY	TRBV19	TRBJ2-7	AENLAGGSQGNLI	880:GILGFVFTL	1
ASSIRSSYEQY	TRBV19	TRBJ2-7	AASETSYDKVI	882:GILGFVFTL	1
ASSMRSSYEQY	TRBV19	TRBJ2-7	AGQLGGGSQGNLI	883:GILGFVFTL	1
ASSIHSGNQPQH	TRBV19	TRBJ1-5	AGSPSNTGKLI	884:GILGFVFTL	1
ASSYQGEAF	TRBV7-9	TRBJ1-1	AGAGSQGNLI	885:GILGFVFTL	1
ASSTRSTDTQY	TRBV19	TRBJ2-3	AGSYGGSQGNLI	887:GILGFVFTL	1
ASSIRSAYEQY	TRBV19	TRBJ2-7	AAGGSQGNLI	890:GILGFVFTL	1
ASSFLDRGPNTEAF	TRBV12-3	TRBJ1-1	AVAKDLQNSGGGADGLT	894:GILGFVFTL	1
ASSIGYYGYT	TRBV19	TRBJ1-2	AFMIGAGGTSYGKLT	895:GILGFVFTL	1
ASSIRSSYEQY	TRBV19	TRBJ2-7	APYNFNKFY	896:GILGFVFTL	1
ASSMRSAGELF	TRBV19	TRBJ2-2	AGAGGGSQGNLI	897:GILGFVFTL	1
ASSIRSSYEQY	TRBV19	TRBJ2-7	AGGGSQGNLI	899:GILGFVFTL	1
ASSIGLYGYT	TRBV19	TRBJ1-2	AASPNAGGTSYGKLT	902:GILGFVFTL	1
ASSIRSSYEQY	TRBV19	TRBJ2-7	AGPGSNTGKFS	904:GILGFVFTL	1
ASSIRSSETQY	TRBV19	TRBJ2-5	AFGGSQGNLI	907:GILGFVFTL	1
ASSGRSGYEQY	TRBV19	TRBJ2-7	AVGGYGGSQGNLI	908:GILGFVFTL	1
ASSIGLYGYT	TRBV19	TRBJ1-2	AWSSNAGGTSYGKLT	909:GILGFVFTL	1
ASSIRSSYEQF	TRBV19	TRBJ2-1	AVDGGGGSQGNLI	910:GILGFVFTL	1
ASSIGSYGYT	TRBV19	TRBJ1-2	AFMINAGGTSYGKLT	911:GILGFVFTL	1
ASSIRSAYEQY	TRBV19	TRBJ2-7	AGALGSSNTGKLI	913:GILGFVFTL	1
ASSIRASYEQY	TRBV19	TRBJ2-7	AGGGSQGNLI	914:GILGFVFTL	1
ASSLADPLPSGQY	TRBV7-6	TRBJ2-7	ALMGNAGGTSYGKLT	915:GILGFVFTL	1
ASSIRSTDTQY	TRBV19	TRBJ2-3	ASGGGSEKLV	918:GILGFVFTL	1
ASSSTGGGVTEAF	TRBV19	TRBJ1-1	ASFTGGGNKLT	919:GILGFVFTL	1
ASSIRSAYEQY	TRBV19	TRBJ2-7	AGAAGSSNTGKLI	920:GILGFVFTL	1
ASSIRSTGELF	TRBV19	TRBJ2-2	AGNYGGSQGNLI	921:GILGFVFTL	1
AISGAARDTQY	TRBV10-3	TRBJ2-3	AFMINAGGTSYGKLT	922:GILGFVFTL	1
ASSQDRVRETQY	TRBV14	TRBJ2-5	AGAGSQGNLI	923:GILGFVFTL	1
ASSIRSSYEQY	TRBV19	TRBJ2-7	AGAGNTGKLI	927:GILGFVFTL	1
AISEGGINTEAF	TRBV10-3	TRBJ1-1	AGTYGGSQGNLI	929:GILGFVFTL	1
ASSIRSSYEQY	TRBV19	TRBJ2-7	AVGGDGGSQGNLI	932:GILGFVFTL	1
ASSTRSTDTQY	TRBV19	TRBJ2-3	AGNYGGSQGNLI	934:GILGFVFTL	1
ASSGEGGTTNTGELF	TRBV9	TRBJ2-2	AVRDDTGGFKTI	939:GILGFVFTL	1
ASSVYSNQPQH	TRBV19	TRBJ1-5	AGPHHMNYGGSQGNLI	940:GILGFVFTL	1
ASSIRSSYEQY	TRBV19	TRBJ2-7	ATEGASGGSYIPT	941:GILGFVFTL	1
ASSGRSADTQY	TRBV19	TRBJ2-3	AGAGGGSQGNLI	942:GILGFVFTL	1
ASSSRASYEQY	TRBV19	TRBJ2-7	AGAEGGGSQGNLI	944:GILGFVFTL	1
ASSTYSTGSGYT	TRBV19	TRBJ1-2	APRALSGAQKLV	946:GILGFVFTL	1
ASSIRSSYEQY	TRBV19	TRBJ2-7	ALSPGGGSQGNLI	948:GILGFVFTL	1
ASSFKDNGETQY	TRBV28	TRBJ2-5	AYGGSQGNLI	949:GILGFVFTL	1
ASSIRSSYEQY	TRBV19	TRBJ2-7	AGGGGAGSYQLT	950:GILGFVFTL	1
ASSISSGSYNEQF	TRBV19	TRBJ2-1	VVTPGREYGNKLV	952:GILGFVFTL	1
SARALPVGNTIY	TRBV20-1	TRBJ1-3	AEDLQKLV	953:GILGFVFTL	1
SVGTGGAGQPQH	TRBV29-1	TRBJ1-5	AGASGGSQGNLI	956:GILGFVFTL	1
ASSIHSNQPQH	TRBV19	TRBJ1-5	AAKGTSYDKVI	961:GILGFVFTL	1
ASSIRSSYEQY	TRBV19	TRBJ2-7	AYGGSQGNLI	965:GILGFVFTL	1
ASSSRSAYEQY	TRBV19	TRBJ2-7	AGAAGSSNTGKLI	966:GILGFVFTL	1
ASSIRSSYEQY	TRBV19	TRBJ2-7	AAKGSSNTGKLI	967:GILGFVFTL	1
ASSGRSTGELF	TRBV19	TRBJ2-2	AANYGGSQGNLI	968:GILGFVFTL	1
ASSIRSSYEQF	TRBV19	TRBJ2-1	AAGGSQGNLI	969:GILGFVFTL	1
ASSSPGGMETQY	TRBV7-2	TRBJ2-5	AFMKGAGGTSYGKLT	972:GILGFVFTL	1
ASSIRSTGELF	TRBV19	TRBJ2-2	AGTYGGSQGNLI	975:GILGFVFTL	1
ASSIGVYGYT	TRBV19	TRBJ1-2	AFMKDAGGTSYGKLT	976:GILGFVFTL	1
ASSIRSTTEAF	TRBV19	TRBJ1-1	AGAGDGGSQGNLI	977:GILGFVFTL	1
ASSIRSAYEQY	TRBV19	TRBJ2-7	AGAVGSSNTGKLI	978:GILGFVFTL	1
ASSIRSSYEQY	TRBV19	TRBJ2-7	AGGGSQGNLI	979:GILGFVFTL	1
ASSIRSTDTQY	TRBV19	TRBJ2-3	AASMGGGSQGNLI	982:GILGFVFTL	1
ASSVGSYGYT	TRBV19	TRBJ1-2	AFMIGAGGTSYGKLT	990:GILGFVFTL	1
ASSQDGFGLFNEQF	TRBV4-1	TRBJ2-1	AYIGQGGSEKLV	991:GILGFVFTL	1
ASSIRSSYEQY	TRBV19	TRBJ2-7	AVGGDGGSQGNLI	992:GILGFVFTL	1
ASSLTTGGRNEQF	TRBV13	TRBJ2-1	AGAGSQGNLI	994:GILGFVFTL	1
ASSLAGDSYEQY	TRBV7-2	TRBJ2-7	AVRSFSGGYNKLI	995:GILGFVFTL	1
ASSQEWLAVSTDTQY	TRBV4-3	TRBJ2-3	AVAKDLQNSGGGADGLT	997:GILGFVFTL	1
ASSIRSGYEQY	TRBV19	TRBJ2-7	AGGTGGSQGNLI	998:GILGFVFTL	1
ASSLLVSGVSSTDTQY	TRBV28	TRBJ2-3	AVIGEGGKLT	1003:GILGFVFTL	1
ASSPLAVTYNEQF	TRBV19	TRBJ2-1	ALSDNEDSTLT	1007:GILGFVFTL	1
ASSKRSTDTQY	TRBV19	TRBJ2-3	AGAGGGSQGNLI	1008:GILGFVFTL	1
ASSLAQGGALRGYT	TRBV7-6	TRBJ1-2	AYSPAAGGTSYGKLT	1009:GILGFVFTL	1
ASSDLAGDPTDTQY	TRBV4-2	TRBJ2-3	VVNGNSGGYQKVT	1012:GILGFVFTL	1
ASSTRSAYEQY	TRBV19	TRBJ2-7	AGAGSQGNLI	1013:GILGFVFTL	1
ASSVRSSYEQY	TRBV19	TRBJ2-7	SYGGSQGNLI	1015:GILGFVFTL	1
ASSWGAYGYT	TRBV19	TRBJ1-2	AFMKGAGGTSYGKLT	1016:GILGFVFTL	1
ASSGRSTDTQY	TRBV19	TRBJ2-3	GTDKGGGSQGNLI	1018:GILGFVFTL	1
ASSMVGGSYNEQF	TRBV19	TRBJ2-1	AFGHGSSNTGKLI	1019:GILGFVFTL	1
ASSIRSSYEQY	TRBV19	TRBJ2-7	AVPLTGGGNKLT	1021:GILGFVFTL	1
ASSIRSSYEQY	TRBV19	TRBJ2-7	STGGSQGNLI	1022:GILGFVFTL	1
ASSIGVYGYT	TRBV19	TRBJ1-2	AFMKGAGGTSYGKLT	1024:GILGFVFTL	1
ASSPTSGGYNEQF	TRBV19	TRBJ2-1	ALSEASLVDSNYQLI	1025:GILGFVFTL	1
ASSFGSTDTQY	TRBV19	TRBJ2-3	AGDGGGGSQGNLI	1026:GILGFVFTL	1
ASSTRSSYEQY	TRBV19	TRBJ2-7	AGGGSQGNLI	1027:GILGFVFTL	1
ASSIFYSSTDTQY	TRBV19	TRBJ2-3	AFMTNAGGTSYGKLT	1028:GILGFVFTL	1
ASSIGSYGYT	TRBV19	TRBJ1-2	AFMINAGGTSYGKLT	1030:GILGFVFTL	1
ASSIRSAYEQY	TRBV19	TRBJ2-7	AGGGSSNTGKLI	1031:GILGFVFTL	1
ASSIFGQVDAF	TRBV19	TRBJ1-1	AVIGANSKLT	1034:GILGFVFTL	1
ASSTRSAYEQY	TRBV19	TRBJ2-7	AGASGSSNTGKLI	1035:GILGFVFTL	1
ASSGTSGTEQY	TRBV19	TRBJ2-7	AVRDLLTNAGKST	1036:GILGFVFTL	1
ASSTRSAYEQY	TRBV19	TRBJ2-7	AESEGPTYTDKLI	1037:GILGFVFTL	1
ASSIRAAYEQY	TRBV19	TRBJ2-7	ADMNRDDKII	1041:GILGFVFTL	1
ASSEEGRLYNSPLH	TRBV2	TRBJ1-6	AVVQNTNAGKST	1042:GILGFVFTL	1
ASSIRSVHEQF	TRBV19	TRBJ2-1	AENNGGGSQGNLI	1044:GILGFVFTL	1
ASSGLSNQPQH	TRBV19	TRBJ1-5	AGPSEPGDSNYQLI	1045:GILGFVFTL	1
ATSTGSYGYT	TRBV15	TRBJ1-2	AFMTNAGGTSYGKLT	1051:GILGFVFTL	1
ASSIRSSLEQY	TRBV19	TRBJ2-7	AVGGSQGNLI	1054:GILGFVFTL	1
ASSIGSYGYT	TRBV19	TRBJ1-2	AFMIGAGGTSYGKLT	1055:GILGFVFTL	1
ASSIRSTGELF	TRBV19	TRBJ2-2	AGDGGGGSQGNLI	1056:GILGFVFTL	1
ATSTGDSNQPQH	TRBV15	TRBJ1-5	AVRSSGGSYIPT	1058:GILGFVFTL	1
ASSIRSSVEQF	TRBV19	TRBJ2-1	AGVEYGGSQGNLI	1061:GILGFVFTL	1
ASRLHPGHMSYT	TRBV27	TRBJ1-2	AMNDGQNFV	1062:GILGFVFTL	1
ASSIRSSYEQY	TRBV19	TRBJ2-7	AGVGGGSQGNLI	1065:GILGFVFTL	1
ASSLMAGSYEQY	TRBV27	TRBJ2-7	AVNTGGFKTI	1066:GILGFVFTL	1
ASSYLEGSETQETQY	TRBV6-3	TRBJ2-5	AGGRQTGANNLF	1071:GILGFVFTL	1
ASSIGAHGYT	TRBV19	TRBJ1-2	AFMKGPGGTSYGKLT	1072:GILGFVFTL	1
ASSSRSAGELF	TRBV19	TRBJ2-2	AGADGGSQGNLI	1075:GILGFVFTL	1
ASSIRSSYEQY	TRBV19	TRBJ2-7	AMRASEQAAGNKLT	1076:GILGFVFTL	1
ASSLYSNQPQH	TRBV19	TRBJ1-5	AGGGFADYGGSQGNLI	1077:GILGFVFTL	1
ASSIMALGRSEAF	TRBV19	TRBJ1-1	AGGGSQGNLI	1078:GILGFVFTL	1
ASSSRSSYEQY	TRBV19	TRBJ2-7	AAGGSQGNLI	1079:GILGFVFTL	1
AWSFLDVTAGTEAF	TRBV30	TRBJ1-1	AVQAEGSYGGATNKLI	1080:GILGFVFTL	1
ASSVGSYGYT	TRBV19	TRBJ1-2	AFMKGAGGTSYGKLT	1081:GILGFVFTL	1
ASSIRSAYEQY	TRBV19	TRBJ2-7	AGARGSSNTGKLI	1082:GILGFVFTL	1
ASSIRSSYEQY	TRBV19	TRBJ2-7	AVGGSQGNLI	1084:GILGFVFTL	1
ASSLLSGTSHEQY	TRBV7-9	TRBJ2-7	AGGGSQGNLI	1086:GILGFVFTL	1
ASSQGSWGYT	TRBV19	TRBJ1-2	AVFFEGGATNKLI	1092:GILGFVFTL	1
ASSSGGPYNEQF	TRBV19	TRBJ2-1	AMRATRTGNQFY	1093:GILGFVFTL	1
ASSYYSNQPQH	TRBV19	TRBJ1-5	AGAGHGGSQGNLI	1097:GILGFVFTL	1
ASSLEGGTTPFYEQY	TRBV7-2	TRBJ2-7	AENMGGGSQGNLI	1101:GILGFVFTL	1
ASSMTGTGGTEAF	TRBV19	TRBJ1-1	AVSDSWGKLQ	1102:GILGFVFTL	1
ASSIRSTEGAF	TRBV19	TRBJ1-1	AGKGGGSQGNLI	1107:GILGFVFTL	1
ASSYRSSYEQY	TRBV19	TRBJ2-7	AMSGDGGSQGNLI	1108:GILGFVFTL	1
ASSGRSTGELF	TRBV19	TRBJ2-2	AGAEGGSQGNLI	1109:GILGFVFTL	1
ASSHGTVETEAF	TRBV4-1	TRBJ1-1	AESSLDNMLT	1112:GILGFVFTL	1
ASSIRSSYEQY	TRBV19	TRBJ2-7	ATGGSQGNLI	1113:GILGFVFTL	1
ASSVRSAYEQY	TRBV19	TRBJ2-7	AGADGSGNTGKLI	1114:GILGFVFTL	1
ASSIGVYGYT	TRBV19	TRBJ1-2	AYSLSAGGTSYGKLT	1119:GILGFVFTL	1
ASSLGDTEAF	TRBV7-9	TRBJ1-1	AGAGSQGNLI	1122:GILGFVFTL	1
ASSTRSTDTQY	TRBV19	TRBJ2-3	AVTPAGGSQGNLI	1124:GILGFVFTL	1
ASSIRASYEQY	TRBV19	TRBJ2-7	AGALTNAGKST	1126:GILGFVFTL	1
ASSIRGSGEQY	TRBV19	TRBJ2-7	AGNYGGSQGNLI	1127:GILGFVFTL	1
ASSARSSTEQY	TRBV19	TRBJ2-7	AYRDTSGTYKYI	1128:GILGFVFTL	1
ASSSPQGVSNTEAF	TRBV7-6	TRBJ1-1	AGGGSQGNLI	1129:GILGFVFTL	1
ASSIRASYEQY	TRBV19	TRBJ2-7	ALAGSQGNLI	1132:GILGFVFTL	1
ASRGSLNQPQH	TRBV27	TRBJ1-5	AVGGTTDSWGKLQ	1134:GILGFVFTL	1
ASSTRSSYEQY	TRBV19	TRBJ2-7	IVFYNQGGKLI	1135:GILGFVFTL	1
ASSFSGNTGELF	TRBV12-3	TRBJ2-2	AFMKGAGGTSYGKLT	1136:GILGFVFTL	1
ASSIVALDEQF	TRBV19	TRBJ2-1	AGPSGNMNYGGSQGNLI	1137:GILGFVFTL	1
ASSIRSSYEQY	TRBV19	TRBJ2-7	TDNARLM	1138:GILGFVFTL	1
ASSVRSSYEQY	TRBV19	TRBJ2-7	AAPSGNNQGGKLI	1143:GILGFVFTL	1
ASSVRSSYEQY	TRBV19	TRBJ2-7	AVGGSGGSQGNLI	1145:GILGFVFTL	1
ASSGRSQETQY	TRBV19	TRBJ2-5	ADSSSNTGKLI	1147:GILGFVFTL	1
ASSTRSAYEQY	TRBV19	TRBJ2-7	AGADGSSNTGKLI	1149:GILGFVFTL	1
ASSIRSSYEQY	TRBV19	TRBJ2-7	AVGGSQGNLI	1150:GILGFVFTL	1
ASSPDQETSYTDTQY	TRBV9	TRBJ2-3	VVISSGGSYIPT	1151:GILGFVFTL	1
ASSQLGRGDNEQF	TRBV7-9	TRBJ2-1	AGAGGGSQGNLI	1152:GILGFVFTL	1
ASSLRSSYEQY	TRBV19	TRBJ2-7	AGQEGGGSQGNLI	1154:GILGFVFTL	1
ASSIRAAGELF	TRBV19	TRBJ2-2	AENMGGGSQGNLI	1156:GILGFVFTL	1
SVGTGDWGEQY	TRBV29-1	TRBJ2-7	ATDASGGSNYKLT	1157:GILGFVFTL	1
ASSLGQQAKNIQY	TRBV5-8	TRBJ2-4	AYSPAAGGTSYGKLT	1166:GILGFVFTL	1
ASSIRSSYEQY	TRBV19	TRBJ2-7	AGAGSQGNLI	1170:GILGFVFTL	1
ASRAGREAF	TRBV19	TRBJ1-1	AASASGGQFY	1172:GILGFVFTL	1
ASSTRSGTEAF	TRBV19	TRBJ1-1	ASVGMDSSYKLI	1175:GILGFVFTL	1
AASGRASETQY	TRBV19	TRBJ2-5	AVDLSGGSNYKLT	1177:GILGFVFTL	1
ASSIRAAYEQY	TRBV19	TRBJ2-7	AGAGGGGSQGNLI	1178:GILGFVFTL	1
ASSIRSGTEAF	TRBV19	TRBJ1-1	ALTDYSGAGSYQLT	1179:GILGFVFTL	1
ASSMGDRSMGNIQY	TRBV19	TRBJ2-4	AGGGSQGNLI	1180:GILGFVFTL	1
ASSYSTGTVDYEQY	TRBV6-5	TRBJ2-7	AASRGKGGGADGLT	1181:GILGFVFTL	1
ASSIRSQETQY	TRBV19	TRBJ2-5	AASGGGSQGNLI	1188:GILGFVFTL	1
ASSSRAAYEQY	TRBV19	TRBJ2-7	AGALGGGSQGNLI	1190:GILGFVFTL	1
ASSIRSTGELF	TRBV19	TRBJ2-2	AGNYGGSQGNLI	1191:GILGFVFTL	1
ASRLAGSHEQY	TRBV19	TRBJ2-7	AASGGTGNQFY	1193:GILGFVFTL	1
ASSLSGNRQETQY	TRBV2	TRBJ2-5	AGGGSQGNLI	1194:GILGFVFTL	1
ASSTYSTDTQY	TRBV19	TRBJ2-3	AVDEGLGNYGGSQGNLI	1195:GILGFVFTL	1
ASSSPWGQGPHEQY	TRBV12-4	TRBJ2-7	AAFYSTLT	1196:GILGFVFTL	1
ASSFRSSETQY	TRBV19	TRBJ2-5	AMGGGGGSQGNLI	1197:GILGFVFTL	1
ASSIFQNEKLF	TRBV19	TRBJ1-4	VVNDMR	1199:GILGFVFTL	1
ASSDRATQPQH	TRBV19	TRBJ1-5	DGVGGGSQGNLI	1201:GILGFVFTL	1
ASTTGVNTIY	TRBV6-6	TRBJ1-3	AVPDNYGQNFV	1204:GILGFVFTL	1
ASSIRSSYEQY	TRBV19	TRBJ2-7	AMRSTGNQFY	1205:GILGFVFTL	1
ASSVRSSYEQY	TRBV19	TRBJ2-7	AGAGSQGNLI	1206:GILGFVFTL	1
ASSIRSTGELF	TRBV19	TRBJ2-2	AGNYGGSQGNLI	1207:GILGFVFTL	1
ASIDRPATNEKLF	TRBV7-9	TRBJ1-4	AVAKDLQNSGGGADGLT	1209:GILGFVFTL	1
ASSYYSNQPQH	TRBV19	TRBJ1-5	AGPTHNMNYGGSQGNLI	1210:GILGFVFTL	1
ASSIRSSYEQY	TRBV19	TRBJ2-7	AGGGSQGNLI	1211:GILGFVFTL	1
ASSGRSTDTQY	TRBV19	TRBJ2-3	AGAGGGSQGNLI	1213:GILGFVFTL	1
ASSLMRGGTYNSPLH	TRBV13	TRBJ1-6	AYMVNAGGTSYGKLT	1215:GILGFVFTL	1
ASSVRSSYEQY	TRBV19	TRBJ2-7	AGGGSQGNLI	1216:GILGFVFTL	1
ASSFRSTDTQY	TRBV19	TRBJ2-3	ATDGGGGSQGNLI	1219:GILGFVFTL	1
ASSQLGGISNQPQH	TRBV12-3	TRBJ1-5	AVSGYSTLT	1221:GILGFVFTL	1
ASSTHSGNQPQH	TRBV19	TRBJ1-5	SPCKPEANNLF	1222:GILGFVFTL	1
ASSARSSYEQY	TRBV19	TRBJ2-7	AVRNQGGSEKLV	1226:GILGFVFTL	1
SVRTIYEEQY	TRBV20-1	TRBJ2-7	AGGGSQGNLI	1227:GILGFVFTL	1
ASSWRSTDTQY	TRBV19	TRBJ2-3	ALKNNDMR	1235:GILGFVFTL	1
ASSQGAYGYT	TRBV19	TRBJ1-2	AVTDGGSQGNLI	1239:GILGFVFTL	1
ASSSFSANEKLF	TRBV19	TRBJ1-4	IVRVANTDKLI	1240:GILGFVFTL	1
ASSRYHTDTQY	TRBV19	TRBJ2-3	AESIPAGANSKLT	1241:GILGFVFTL	1
ASSLTFTGDLNQPQH	TRBV18	TRBJ1-5	AGGGSQGNLI	1242:GILGFVFTL	1
ASSGTSGGYEQY	TRBV19	TRBJ2-7	AVPSGGYNKLI	1243:GILGFVFTL	1
ASSIRSSYEQY	TRBV19	TRBJ2-7	AVKNTGNQFY	1244:GILGFVFTL	1
ASSSRSSYEQY	TRBV19	TRBJ2-7	AVSGSQGNLI	1247:GILGFVFTL	1
ASSIRSSYEQY	TRBV19	TRBJ2-7	ALLYARLM	1250:GILGFVFTL	1
ASSVRSSGEQF	TRBV19	TRBJ2-1	AGSYGGSQGNLI	1251:GILGFVFTL	1
ASSTGGTDTQY	TRBV19	TRBJ2-3	AVRDGTGANNLF	1252:GILGFVFTL	1
ASSPGGLAGADTQY	TRBV5-1	TRBJ2-3	AGAGSQGNLI	1253:GILGFVFTL	1
ASSQDEPYEQY	TRBV4-1	TRBJ2-7	AVNTGNQFY	1254:GILGFVFTL	1
ASSIRSAYEQY	TRBV19	TRBJ2-7	AGGGSQGNLI	1255:GILGFVFTL	1
ATSDQKTGSTPGELF	TRBV24-1	TRBJ2-2	AVTPSNTGKLI	1259:GILGFVFTL	1
ASSVRSAGELF	TRBV19	TRBJ2-2	AGANGGSQGNLI	1261:GILGFVFTL	1
RVGQVMVLCT	TRBV20-1	TRBJ1-2	AENMGGGSQGNLI	1262:GILGFVFTL	1
ASSFLATDEQF	TRBV19	TRBJ2-1	AVLGGANSKLT	1263:GILGFVFTL	1
ASSIRASYEQY	TRBV19	TRBJ2-7	AVNAGGGSQGNLI	1264:GILGFVFTL	1
ASSIRSSYEQY	TRBV19	TRBJ2-7	AGPGSQGNLI	1265:GILGFVFTL	1
ASSFRSSYEQY	TRBV19	TRBJ2-7	AVTSNTGKLI	1266:GILGFVFTL	1
ASSQDPGYEQY	TRBV4-1	TRBJ2-7	AVSVRMDSSYKLI	1270:GILGFVFTL	1
ASSGRSTDTQY	TRBV19	TRBJ2-3	AGNYGGSQGNLI	1271:GILGFVFTL	1
ASSIRSSGPQF	TRBV19	TRBJ2-1	AGPEDGGSQGNLI	1272:GILGFVFTL	1
ASSGRSTGELF	TRBV19	TRBJ2-2	AGASGGSQGNLI	1275:GILGFVFTL	1
SAEWDRAYNEQF	TRBV20-1	TRBJ2-1	AVAKDLQNSGGGADGLT	1278:GILGFVFTL	1
ASSIRSTYEQY	TRBV19	TRBJ2-7	AVNKGGGSQGNLI	1279:GILGFVFTL	1
ASSSRSANEQF	TRBV19	TRBJ2-1	AEDYGGSQGNLI	1280:GILGFVFTL	1
ASSKRSGAEAF	TRBV19	TRBJ1-1	AENMGGGSQGNLI	1282:GILGFVFTL	1
ASSIRSSYEQY	TRBV19	TRBJ2-7	AGPGDGGSQGNLI	1284:GILGFVFTL	1
ASSSRSSYEQY	TRBV19	TRBJ2-7	AASSNTGKLI	1289:GILGFVFTL	1
ASSIRSAYEQY	TRBV19	TRBJ2-7	AGAHGSSNTGKLI	1291:GILGFVFTL	1
ASSIRAGETQY	TRBV19	TRBJ2-5	AMSGDGGSQGNLI	1293:GILGFVFTL	1
ASSTRSDSPLH	TRBV19	TRBJ1-6	AGAYGGSQGNLI	1294:GILGFVFTL	1
ASSVRTGYTEAF	TRBV2	TRBJ1-1	ATDGEYAGGTSYGKLT	1297:GILGFVFTL	1
ASSLGAYGYT	TRBV19	TRBJ1-2	AFMTNAGGTSYGKLT	1298:GILGFVFTL	1
ASSIRSAEKLF	TRBV19	TRBJ1-4	APSCNAGNMLT	1300:GILGFVFTL	1
ASSIRSSYEQY	TRBV19	TRBJ2-7	AGDDQGGKLI	1301:GILGFVFTL	1
ASSTYSRDTQY	TRBV19	TRBJ2-3	AMRDFEDSGNTPLV	1302:GILGFVFTL	1
ASSMRSSYEQY	TRBV19	TRBJ2-7	ASNYGGSQGNLI	1303:GILGFVFTL	1
ASSIRSAYEQY	TRBV19	TRBJ2-7	AEIRSTLT	1305:GILGFVFTL	1
ASSLYEQY	TRBV7-2	TRBJ2-7	AVNIGGGSQGNLI	1306:GILGFVFTL	1
ASSYRSSYEQY	TRBV19	TRBJ2-7	AGSSGGSQGNLI	1308:GILGFVFTL	1
ASSYRATDTQY	TRBV19	TRBJ2-3	AENGGGGSQGNLI	1310:GILGFVFTL	1
ASSGRSTGELF	TRBV19	TRBJ2-2	AVNRTNAGKST	1311:GILGFVFTL	1
ASSTYSRQPQH	TRBV19	TRBJ1-5	AGVSGNTGKLI	1312:GILGFVFTL	1
ASSIRSSYEQY	TRBV19	TRBJ2-7	ATGGSQGNLI	1315:GILGFVFTL	1
ASSFSGNTGELF	TRBV12-3	TRBJ2-2	AGSPSNTGKLI	1318:GILGFVFTL	1
ASSIRSSYEQY	TRBV19	TRBJ2-7	AALSHASKII	1326:GILGFVFTL	1
ASSIRSTDTQY	TRBV19	TRBJ2-3	AGTGGGSQGNLI	1327:GILGFVFTL	1
ASSLRSSYEQY	TRBV19	TRBJ2-7	AANYGGSQGNLI	1329:GILGFVFTL	1
ASSSGGQASSYEQY	TRBV27	TRBJ2-7	AFMKGAGGTSYGKLT	1330:GILGFVFTL	1
ASSIGVYGYT	TRBV19	TRBJ1-2	ILRAPGAGTALI	1331:GILGFVFTL	1
ASSGRSGVEQY	TRBV19	TRBJ2-7	AVADSNYQLI	1333:GILGFVFTL	1
ASSSRASYEQY	TRBV19	TRBJ2-7	AVNAGGGSQGNLI	1334:GILGFVFTL	1
ASSIRSSYEQY	TRBV19	TRBJ2-7	AGAVGSSNTGKLI	1335:GILGFVFTL	1
ASSDRSGNTIY	TRBV19	TRBJ1-3	AENMGGGSQGNLI	1336:GILGFVFTL	1
ASSTRSSVEQY	TRBV19	TRBJ2-7	AVNEVEGGKLI	1339:GILGFVFTL	1
ASSIRSSYEQY	TRBV19	TRBJ2-7	AGPGDGGSQGNLI	1340:GILGFVFTL	1
ASSSRSGETQY	TRBV19	TRBJ2-5	AENMGGGSQGNLI	1341:GILGFVFTL	1
ASSVRSTDTQY	TRBV19	TRBJ2-3	ILPHAIYGSSNTGKLI	1345:GILGFVFTL	1
ASSIRSSYEQY	TRBV19	TRBJ2-7	AVTGGGSQGNLI	1346:GILGFVFTL	1
ASSIRSAYEQF	TRBV19	TRBJ2-1	AGALGSSNTGKLI	1348:GILGFVFTL	1
ASSYSRPGLSNQPQH	TRBV6-6	TRBJ1-5	AGGRHSGGGADGLT	1349:GILGFVFTL	1
ASSFRSSYEQY	TRBV19	TRBJ2-7	AVTGGGSQGNLI	1353:GILGFVFTL	1
ASSIRSSYEQY	TRBV19	TRBJ2-7	AGGGSQGNLI	1354:GILGFVFTL	1
ASSIRSSYEQY	TRBV19	TRBJ2-7	AGAGNIGKLI	1355:GILGFVFTL	1
ASSSLDVAGYEQY	TRBV12-3	TRBJ2-7	AASETSYDKVI	1356:GILGFVFTL	1
ASGRLSYNEQF	TRBV12-4	TRBJ2-1	AGAGSQGNLI	1359:GILGFVFTL	1
ASSIRASYEQY	TRBV19	TRBJ2-7	AAYYSGGGADGLT	1360:GILGFVFTL	1
ASSGRATGELF	TRBV19	TRBJ2-2	AGEGGSQGNLI	1363:GILGFVFTL	1
ASSIRSGATQY	TRBV19	TRBJ2-5	AGSGDGGSQGNLI	1370:GILGFVFTL	1
ASSIRSSQPQH	TRBV19	TRBJ1-5	AGPGSNTGKLI	1371:GILGFVFTL	1
ASSIRSSYEQY	TRBV19	TRBJ2-7	AGGGSQGNLI	1374:GILGFVFTL	1
ASSIRSTYEQY	TRBV19	TRBJ2-7	AVNLGGGSQGNLI	1375:GILGFVFTL	1
ASSIGVYGYT	TRBV19	TRBJ1-2	AFMNNAGGTSYGKLT	1381:GILGFVFTL	1
ASSSRSTGELF	TRBV19	TRBJ2-2	AGAGGGSQGNLI	1382:GILGFVFTL	1
ASSMDRGSADTQY	TRBV19	TRBJ2-3	AGAHGSSNTGKLI	1386:GILGFVFTL	1
ASTLGNTEAF	TRBV12-4	TRBJ1-1	AYGGSQGNLI	1388:GILGFVFTL	1
ATQGDNTYEQY	TRBV19	TRBJ2-7	ATDALGNGNEKLT	1389:GILGFVFTL	1
ASSARSGEPQH	TRBV19	TRBJ1-5	AALDSWGKFQ	1390:GILGFVFTL	1
ASSNRASEKLF	TRBV19	TRBJ1-4	AENGGGGSQGNLI	1393:GILGFVFTL	1
ASSARSSYEQY	TRBV19	TRBJ2-7	ILREFYNDMR	1394:GILGFVFTL	1
ASSIRSSYEQY	TRBV19	TRBJ2-7	AFSRGHYGGSQGNLI	1400:GILGFVFTL	1
ASSIGVYGYT	TRBV19	TRBJ1-2	AFMTNAGGTSYGKLT	1405:GILGFVFTL	1
ASSPRQGWTNEKLF	TRBV7-9	TRBJ1-4	ILRETSYDKVI	1406:GILGFVFTL	1
ASSIFGGQPQH	TRBV19	TRBJ1-5	ALSEAGTGGSYIPT	1408:GILGFVFTL	1
ASSTRSSYEQY	TRBV19	TRBJ2-7	AYRSQQGGSEKLV	1417:GILGFVFTL	1
ASSIRSGYEQF	TRBV19	TRBJ2-1	AGASGGGSQGNLI	1418:GILGFVFTL	1
SAETGVGQPQH	TRBV20-1	TRBJ1-5	AGPLDRAQKLV	1419:GILGFVFTL	1
ASSQEHNSGPYEQY	TRBV4-1	TRBJ2-7	AYRSVGDDKII	1420:GILGFVFTL	1
ASSSPKGAKYEQY	TRBV28	TRBJ2-7	AMREVPRGASKLT	1421:GILGFVFTL	1
ASSLYSNQPQH	TRBV19	TRBJ1-5	AGGGQGGSQGNLI	1422:GILGFVFTL	1
ASSEGSYGYT	TRBV19	TRBJ1-2	AYMTNAGGTSYGKLT	1426:GILGFVFTL	1
ASSSRDGGTDTQY	TRBV7-9	TRBJ2-3	AVRDHSGNTPLV	1427:GILGFVFTL	1
ASSIRSSYEQY	TRBV19	TRBJ2-7	ALSEGNFNKFY	1428:GILGFVFTL	1
ASIRGLAGVRTDTQY	TRBV28	TRBJ2-3	AVRAFYAGNMLT	1429:GILGFVFTL	1
ASSIRSSTEAF	TRBV19	TRBJ1-1	AGAGGGSQGNLI	1431:GILGFVFTL	1
ASSIGVYGYT	TRBV19	TRBJ1-2	AYSLSAGGTSYGKLT	1432:GILGFVFTL	1
ASSIRSTDTQY	TRBV19	TRBJ2-3	AVAKDLQNSGGGADGLT	1433:GILGFVFTL	1
SARNPSGTNNEQF	TRBV20-1	TRBJ2-1	AESMNARLM	1434:GILGFVFTL	1
ASSIRSSYEQY	TRBV19	TRBJ2-7	AVNAGGTSYGKLT	1436:GILGFVFTL	1
ASSIRATGELF	TRBV19	TRBJ2-2	AGAGGGSQGNLI	1437:GILGFVFTL	1
ASSIRSAYEQY	TRBV19	TRBJ2-7	AGAQGSSNTGKLI	1438:GILGFVFTL	1
ASSLGTGHNEQF	TRBV11-2	TRBJ2-1	AASEGGFKTI	1439:GILGFVFTL	1
ASSIRSSYEQY	TRBV19	TRBJ2-7	AYMSNAGGTSYGKLT	1440:GILGFVFTL	1
ASSLGQGRETQY	TRBV7-6	TRBJ2-5	AGAAGSSNTGKLI	1441:GILGFVFTL	1
ASSIRSTTEAF	TRBV19	TRBJ1-1	AVSPNDYKLS	1443:GILGFVFTL	1
ASSGRSQETQY	TRBV19	TRBJ2-5	AASGGGSQGNLI	1445:GILGFVFTL	1
ASSTRSGETQY	TRBV19	TRBJ2-5	AENLGGGSQGNLI	1446:GILGFVFTL	1
ASSSRWGYEQY	TRBV9	TRBJ2-7	AVSGDYKLS	1448:GILGFVFTL	1
ASSARSSYEQY	TRBV19	TRBJ2-7	AMREATGTALI	1454:GILGFVFTL	1
ASSKRSNQPQH	TRBV19	TRBJ1-5	APHKAAGNKLT	1457:GILGFVFTL	1
ASSGSDTQY	TRBV2	TRBJ2-3	AENMFQGGSEKLV	1459:GILGFVFTL	1
ASSFRSTDTQY	TRBV19	TRBJ2-3	ATDAIPSDMR	1460:GILGFVFTL	1
ASSALSGRAIDEQY	TRBV9	TRBJ2-7	AGAGSQGNLI	1461:GILGFVFTL	1
ASSLGLYGYT	TRBV19	TRBJ1-2	APLQIYNYGQNFV	1463:GILGFVFTL	1
AVLVDPYNEQF	TRBV4-1	TRBJ2-1	AGPSNTGKLI	1465:GILGFVFTL	1
ASSGPGGVDEQY	TRBV5-5	TRBJ2-7	AGAGSQGNLI	1468:GILGFVFTL	1
ASSVDPAQETQY	TRBV9	TRBJ2-5	ALSESNSGNTPLV	1469:GILGFVFTL	1
ASSTRSTGELF	TRBV19	TRBJ2-2	AGNYGGSQGNLI	1471:GILGFVFTL	1
ASSFRSSYEQY	TRBV19	TRBJ2-7	AVQGSQGNLI	1472:GILGFVFTL	1
ASSIRSSYEQY	TRBV19	TRBJ2-7	ALDRAGNNRKLI	1473:GILGFVFTL	1
ASSIRSSYEQY	TRBV19	TRBJ2-7	AVGGSQGNLI	1474:GILGFVFTL	1
ASSIRSSYEQY	TRBV19	TRBJ2-7	AVNTNGGSQGNLI	1476:GILGFVFTL	1
ASSIRSSYEQY	TRBV19	TRBJ2-7	AVGGSQGNLI	1479:GILGFVFTL	1
ASSPTGGPADTQY	TRBV18	TRBJ2-3	AASIGQAGTALI	1482:GILGFVFTL	1
ASSIFYSSTDTQY	TRBV19	TRBJ2-3	AMARSNFGNEKLT	1483:GILGFVFTL	1
ASSIRSTDTQY	TRBV19	TRBJ2-3	ALDMGGGSQGNLI	1484:GILGFVFTL	1
ASSIRSAYEQY	TRBV19	TRBJ2-7	AGGGSSNTGKLI	1487:GILGFVFTL	1
ASSIGLYGYT	TRBV19	TRBJ1-2	ATDGSSGGSNYKLT	1490:GILGFVFTL	1
ASSSRSSYEQY	TRBV19	TRBJ2-7	AGAGSQGNLI	1492:GILGFVFTL	1
ASSISGANQPQH	TRBV19	TRBJ1-5	AGGGGGSQGNLI	1494:GILGFVFTL	1
ASSGTSVHEQY	TRBV19	TRBJ2-7	AVRDGTGANNLF	1495:GILGFVFTL	1
ASSLDPGQGWTNTEAF	TRBV18	TRBJ1-1	VVLGVMDSNYQLI	1496:GILGFVFTL	1
ASSTGSYGYT	TRBV19	TRBJ1-2	AFMIGAGGTSYGKLT	1500:GILGFVFTL	1
ASSIRSAYEQY	TRBV19	TRBJ2-7	AGGGSQGNLI	1506:GILGFVFTL	1
ASSIGSYGYT	TRBV19	TRBJ1-2	AFMIGAGGTSYGKLT	1507:GILGFVFTL	1
ASSVRSTDTQY	TRBV19	TRBJ2-3	ALNYGGSQGNLI	1508:GILGFVFTL	1
ASSGRSTDTQY	TRBV19	TRBJ2-3	AMSGGGGSQGNLI	1518:GILGFVFTL	1
ASSIGAYGYT	TRBV19	TRBJ1-2	AFMINAGGTSYGKLT	1519:GILGFVFTL	1
ASSIRSAQPQH	TRBV19	TRBJ1-5	AVVRGISRWHQNAGGTSYGKLT	1520:GILGFVFTL	1
ASSFSGNTGELF	TRBV12-3	TRBJ2-2	AVATMGSGGSNYKLT	1522:GILGFVFTL	1
ASSLGTGPYNEQF	TRBV13	TRBJ2-1	AVSLWDGGYQKVT	1524:GILGFVFTL	1
ASSIGAYGYT	TRBV19	TRBJ1-2	AFMIGSGGTSYGKLT	1525:GILGFVFTL	1
ASSSRSSYEQY	TRBV19	TRBJ2-7	AGAGSQGNLI	1526:GILGFVFTL	1
ASSIRSSYEQY	TRBV19	TRBJ2-7	AAPGGGGSQGNLI	1527:GILGFVFTL	1
ASSLGMRGGWDEQF	TRBV7-8	TRBJ2-1	AASGTSNSGYALN	1528:GILGFVFTL	1
ASSSRSSYEQY	TRBV19	TRBJ2-7	AAGGSQGNLI	1533:GILGFVFTL	1
ASSSRSSYEQY	TRBV19	TRBJ2-7	AVSGSQGNLI	1535:GILGFVFTL	1
SVVVGDLYNEQF	TRBV29-1	TRBJ2-1	AGGGSQGNLI	1536:GILGFVFTL	1
ASSMGSYGYT	TRBV19	TRBJ1-2	AHAPLDDMR	1537:GILGFVFTL	1
ASSIGSHGYT	TRBV19	TRBJ1-2	AFMINAGGTSYGKLT	1541:GILGFVFTL	1
ASSTRSTDTQY	TRBV19	TRBJ2-3	AANYGGSQGNLI	1542:GILGFVFTL	1
ASSIRSSYEQY	TRBV19	TRBJ2-7	AGPPGSSNTGKLI	1547:GILGFVFTL	1
ASGPHGGGNNEQF	TRBV19	TRBJ2-1	ALVEGSYIPT	1549:GILGFVFTL	1
ASSPSSSYEQY	TRBV12-4	TRBJ2-7	ALSEAGPDKLI	1550:GILGFVFTL	1
ASSIRSAYEQY	TRBV19	TRBJ2-7	AGSGSQGNLI	1553:GILGFVFTL	1
ASSIRSFYEQY	TRBV19	TRBJ2-7	AGAQITNRDDKII	1554:GILGFVFTL	1
ASSISSINEQF	TRBV19	TRBJ2-1	AGQLAGGSQGNLI	1556:GILGFVFTL	1
ASSPRSGSTEAF	TRBV19	TRBJ1-1	AGGGDGGSQGNLI	1558:GILGFVFTL	1
ASSIRAAYEQY	TRBV19	TRBJ2-7	AGAQGGGSQGNLI	1560:GILGFVFTL	1
ASSIGVYGYT	TRBV19	TRBJ1-2	AFMTNAGGTSYGKLT	1565:GILGFVFTL	1
ASSIRSSETQY	TRBV19	TRBJ2-5	ALGGSQGNLI	1566:GILGFVFTL	1
ASSQRSTDTQY	TRBV19	TRBJ2-3	AGNYGGSQGNLI	1568:GILGFVFTL	1
ASSLAGDGSYNEQF	TRBV7-9	TRBJ2-1	AVGGSQGNLI	1569:GILGFVFTL	1
ASSLMRGGTYNSPLH	TRBV13	TRBJ1-6	AMRGDAGGTSYGKLT	1573:GILGFVFTL	1
ASSTRSSYEQY	TRBV19	TRBJ2-7	ATGGSQGNLI	1574:GILGFVFTL	1
ASRSPQETQY	TRBV27	TRBJ2-5	ALLYNNNDMR	1581:GILGFVFTL	1
ASSIRSTDTQY	TRBV19	TRBJ2-3	GTEPGNTGKLI	1583:GILGFVFTL	1
ASSLTHTYEQY	TRBV28	TRBJ2-7	ALSEAGGGGSNYKLT	1586:GILGFVFTL	1
ASSIRSSYEQY	TRBV19	TRBJ2-7	AVSGSQGNLI	1587:GILGFVFTL	1
ASSVRSSYEQY	TRBV19	TRBJ2-7	AAPGSQGNLI	1588:GILGFVFTL	1
ASSGRSTDTQY	TRBV19	TRBJ2-3	AASGGGSQGNLI	1591:GILGFVFTL	1
ASSSRQGAANEKLF	TRBV13	TRBJ1-4	ALSRAGGTSYGKLT	1592:GILGFVFTL	1
ASSGRAAGELF	TRBV19	TRBJ2-2	APAPDARLM	1593:GILGFVFTL	1
ASSIRSSYEQY	TRBV19	TRBJ2-7	AGGGSQGNLI	1595:GILGFVFTL	1
ASSIRAAYEQY	TRBV19	TRBJ2-7	AMSGDGGSQGNLI	1598:GILGFVFTL	1
ASSTYSQDTQY	TRBV19	TRBJ2-3	AVDHLMNYGGSQGNLI	1601:GILGFVFTL	1
ASSGRSTDTQY	TRBV19	TRBJ2-3	AGADGGSQGNLI	1602:GILGFVFTL	1
ASSPRSTDTQY	TRBV19	TRBJ2-3	AGNYGGSQGNLI	1603:GILGFVFTL	1
ASSTRASEGQY	TRBV19	TRBJ2-7	AVNKGGGSQGNLI	1604:GILGFVFTL	1
ASSGQGGTEAF	TRBV9	TRBJ1-1	AFSMEYGNKLV	1606:GILGFVFTL	1
ASSGLAGLNEQF	TRBV19	TRBJ2-1	AYSPAAGGTSYGKLT	1607:GILGFVFTL	1
ASSTRSSYEQY	TRBV19	TRBJ2-7	VVNQAGTALI	1608:GILGFVFTL	1
ASSMRSTDTQY	TRBV19	TRBJ2-3	ATDGGGGSQGNLI	1610:GILGFVFTL	1
ASSGRSADTQY	TRBV19	TRBJ2-3	AADNQGGKLI	1611:GILGFVFTL	1
SASWGDYTEAF	TRBV20-1	TRBJ1-1	AVGFNFGNEKLT	1613:GILGFVFTL	1
ASSMRSAGELF	TRBV19	TRBJ2-2	AMSGEGGSQGNLI	1614:GILGFVFTL	1
ASSQDVHRGIPGELF	TRBV4-3	TRBJ2-2	AVMMVYGDDKII	1615:GILGFVFTL	1
ASSSRSSYEQY	TRBV19	TRBJ2-7	AMSGHGGSQGNLI	1616:GILGFVFTL	1
ASSGRSTDTQY	TRBV19	TRBJ2-3	AGPEEGGSQGNLI	1623:GILGFVFTL	1
ASSPRSNQPQH	TRBV19	TRBJ1-5	AFMKGAGGTSYGKLT	1631:GILGFVFTL	1
ASSIGVHGYT	TRBV19	TRBJ1-2	AYGGSQGNLI	1634:GILGFVFTL	1
ASSFSGNTGELF	TRBV12-3	TRBJ2-2	AGASGGSQGNLI	1635:GILGFVFTL	1
ASSQEWLAVSTDTQY	TRBV4-3	TRBJ2-3	AFMINAGGTSYGKLT	1637:GILGFVFTL	1
ASSMRAGVEQF	TRBV19	TRBJ2-1	AVKWEGSNYQLI	1638:GILGFVFTL	1
ASSTTSGTEQF	TRBV19	TRBJ2-1	AVRDLETNAGKST	1640:GILGFVFTL	1
ASSLRDGSEAF	TRBV5-6	TRBJ1-1	ADSGGGADGLT	1641:GILGFVFTL	1
ASSKARSLGNRGNEQF	TRBV19	TRBJ2-1	ASGGSQGNLI	1643:GILGFVFTL	1
ASRPPPAGQKETQY	TRBV28	TRBJ2-5	AMSLYSGGGADGLT	1646:GILGFVFTL	1
ASSFGQGAEKLF	TRBV27	TRBJ1-4	ALPSGGYQKVT	1648:GILGFVFTL	1
ASSTRSTGELF	TRBV19	TRBJ2-2	AGAGGGSQGNLI	1649:GILGFVFTL	1
ASSVEDYGSVSYGYT	TRBV9	TRBJ1-2	AVNNYGQNFV	1650:GILGFVFTL	1
ASSIRSTGELF	TRBV19	TRBJ2-2	AGSGGGSQGNLI	1651:GILGFVFTL	1
ASSYRLAGASQETQY	TRBV6-3	TRBJ2-5	AFMKGAGGTSYGKLT	1653:GILGFVFTL	1
ASSIRSDEKLF	TRBV19	TRBJ1-4	AVNTGGGSQGNLI	1654:GILGFVFTL	1
ASSIRSSYEQY	TRBV19	TRBJ2-7	AGVGGGSQGNLI	1655:GILGFVFTL	1
ASSIRSGETQY	TRBV19	TRBJ2-5	AASEGSSNTGKLI	1658:GILGFVFTL	1
ASSIRSAYEQY	TRBV19	TRBJ2-7	AVSSGGGSQGNLI	1660:GILGFVFTL	1
ASSIRSSYEQY	TRBV19	TRBJ2-7	AFMIGAGGTSYGKLT	1663:GILGFVFTL	1
ASSGLAGLNEQF	TRBV19	TRBJ2-1	ATDGGGGSQGNLI	1665:GILGFVFTL	1
ASSMRSSYEQY	TRBV19	TRBJ2-7	AGAGSQGNLI	1668:GILGFVFTL	1
ASSTRASYEQY	TRBV19	TRBJ2-7	AVNAGGGSQGNLI	1671:GILGFVFTL	1
ASSIRSSYEQY	TRBV19	TRBJ2-7	AGGRSQGNLI	1674:GILGFVFTL	1
ASSMRSSDTQY	TRBV19	TRBJ2-3	AGAGGGSQGNLI	1677:GILGFVFTL	1
ASSIYSNQPQH	TRBV19	TRBJ1-5	AGPLAGGSQGNLI	1680:GILGFVFTL	1
ASSSRASYEQY	TRBV19	TRBJ2-7	AGPSGANNLF	1682:GILGFVFTL	1
ASSDPGNTQY	TRBV6-1	TRBJ2-3	AVNDLSGGSYIPT	1683:GILGFVFTL	1
ASSTFGANVLT	TRBV19	TRBJ2-6	AAQGSQGNLI	1686:GILGFVFTL	1
ASSIRSQDTQY	TRBV19	TRBJ2-3	AASGGGSQGNLI	1687:GILGFVFTL	1
ASSTGTLYGYT	TRBV19	TRBJ1-2	AVADMEYGNKLV	1688:GILGFVFTL	1
ASSSRSHQPQH	TRBV19	TRBJ1-5	AGGGSQGNLI	1689:GILGFVFTL	1
ASSIRASYEQY	TRBV19	TRBJ2-7	AGVGGGSQGNLI	1690:GILGFVFTL	1
ASSTRSSVEQY	TRBV19	TRBJ2-7	AASETSYDKVI	1691:GILGFVFTL	1
ASSIRSGETQY	TRBV19	TRBJ2-5	AAREEGDARLM	1694:GILGFVFTL	1
ASRAGREAF	TRBV19	TRBJ1-1	AASGSSNAGNMLT	1695:GILGFVFTL	1
ASSARSSYEQY	TRBV19	TRBJ2-7	VVIAPSGTYKYI	1697:GILGFVFTL	1
ASSLMRGGTYNSPLH	TRBV13	TRBJ1-6	ALRAGNQFY	1699:GILGFVFTL	1
ASSSRSSYEQY	TRBV19	TRBJ2-7	AGAGSQGNLI	1701:GILGFVFTL	1
AISESTAHSYNEQF	TRBV10-3	TRBJ2-1	AVRDPFKAAGNKLT	1702:GILGFVFTL	1
ASSVDGDTSTDTQY	TRBV9	TRBJ2-3	AVRDPHQGTDKLI	1704:GILGFVFTL	1
ASSMRSSYEQY	TRBV19	TRBJ2-7	AVSGSQGNLI	1706:GILGFVFTL	1
ASSARSSYEQY	TRBV19	TRBJ2-7	ALKNNDMR	1707:GILGFVFTL	1
ASSIRSSYEQY	TRBV19	TRBJ2-7	ASGGSQGNLI	1708:GILGFVFTL	1
ASSIRSAYEQY	TRBV19	TRBJ2-7	AGGGSQGNLI	1709:GILGFVFTL	1
ASSTRSGYEQY	TRBV19	TRBJ2-7	AESIGGGSQGNLI	1714:GILGFVFTL	1
ASSMRSTDTQY	TRBV19	TRBJ2-3	AGSDGGSQGNLI	1716:GILGFVFTL	1
ASSTGVYGYT	TRBV19	TRBJ1-2	AFMVGAGGTSYGKLT	1717:GILGFVFTL	1
ASSIGAYGYT	TRBV19	TRBJ1-2	AFMINAGGTSYGKLT	1722:GILGFVFTL	1
ASSQGSYGYT	TRBV19	TRBJ1-2	AYRTSILSNFGNEKLT	1723:GILGFVFTL	1
ASSQEVFRLAETSGEYEQY	TRBV14	TRBJ2-7	AYRSALGNQFY	1728:GILGFVFTL	1
ASSIRSAYEQY	TRBV19	TRBJ2-7	ALKIPLV	1730:GILGFVFTL	1
ASSIRSSYEQY	TRBV19	TRBJ2-7	AGAFGSSNTGKLI	1731:GILGFVFTL	1
ASSIDGNVAPLH	TRBV19	TRBJ1-6	ATDRDDKII	1735:GILGFVFTL	1
SASAPTSYEQY	TRBV20-1	TRBJ2-7	AGGGSQGNLI	1736:GILGFVFTL	1
ASSTTSGGLNEQF	TRBV19	TRBJ2-1	ALSEPPGKSSASKII	1737:GILGFVFTL	1
ASSIRSTDTQY	TRBV19	TRBJ2-3	AEDAGNMLT	1738:GILGFVFTL	1
ASSTYSQDTQY	TRBV19	TRBJ2-3	AVDHLMNYGGSQGNLI	1739:GILGFVFTL	1
ASSVRSSYEQY	TRBV19	TRBJ2-7	AGEGGGSQGNLI	1743:GILGFVFTL	1
ASSIRSAYEQY	TRBV19	TRBJ2-7	AATPSNTGKLI	1747:GILGFVFTL	1
ASSSPTSGDYEQY	TRBV27	TRBJ2-7	ALSEASGNAGNMLT	1748:GILGFVFTL	1
ASSTRSADTQY	TRBV19	TRBJ2-3	AGSNGGSQGNLI	1750:GILGFVFTL	1
ASKGTSGGVNEQF	TRBV19	TRBJ2-1	ATDDYDRGSTLGRLY	1751:GILGFVFTL	1
ASSIRSSYEQY	TRBV19	TRBJ2-7	AGASGSSNTGKLI	1754:GILGFVFTL	1
ASSGTSFTEQY	TRBV19	TRBJ2-7	AVDVSDRGSTLGRLY	1758:GILGFVFTL	1
ASSIRASNEQF	TRBV19	TRBJ2-1	AMGGSGGSQGNLI	1759:GILGFVFTL	1
ASSIRSAYEQY	TRBV19	TRBJ2-7	AGAFGSSNTGKLI	1765:GILGFVFTL	1
ASSAGAYGYT	TRBV19	TRBJ1-2	AFMTNAGGTSYGKLT	1766:GILGFVFTL	1
ASSQRSSYEQY	TRBV19	TRBJ2-7	AASQGSGNTGKLI	1768:GILGFVFTL	1
ASSIRASYEQY	TRBV19	TRBJ2-7	AGGTGGGSQGNLI	1769:GILGFVFTL	1
ASSIRSAYEQY	TRBV19	TRBJ2-7	AGGGSSNTGKLI	1770:GILGFVFTL	1
ASSGRSTDTQY	TRBV19	TRBJ2-3	GTDTGGGSQGNLI	1771:GILGFVFTL	1
ASSIRSAYEQY	TRBV19	TRBJ2-7	AGGGSSNTGKLI	1774:GILGFVFTL	1
ASSLGTSYEQY	TRBV7-6	TRBJ2-7	AAENNNDMR	1775:GILGFVFTL	1
ASSIRASYEQY	TRBV19	TRBJ2-7	AASAGGGSQGNLI	1776:GILGFVFTL	1
ASSGRAAYEQY	TRBV19	TRBJ2-7	AENMGGGSQGNLI	1777:GILGFVFTL	1
ASSYLYRIGQLEAF	TRBV6-5	TRBJ1-1	AVRSSGSQGNLI	1779:GILGFVFTL	1
ASSIRSSETQY	TRBV19	TRBJ2-5	AASGSQGNLI	1780:GILGFVFTL	1
ASSGRAAGELF	TRBV19	TRBJ2-2	AGADGGSQGNLI	1782:GILGFVFTL	1
ASSPTGSVAEQY	TRBV18	TRBJ2-7	AVRGAEYGNKLV	1784:GILGFVFTL	1
ASSIRSSYEQY	TRBV19	TRBJ2-7	AVVHGSSNTGKLI	1785:GILGFVFTL	1
ASSVHGGANTEAF	TRBV19	TRBJ1-1	AYRISLNNNDMR	1790:GILGFVFTL	1
ASSYSLQGGLDEQY	TRBV6-3	TRBJ2-7	AGPGDGGSQGNLI	1791:GILGFVFTL	1
ASSTLGLAGGSF	TRBV7-9	TRBJ2-1	ASQNFGNEKLT	1797:GILGFVFTL	1
ASSARSSYEQY	TRBV19	TRBJ2-7	AVRALNDYKLS	1802:GILGFVFTL	1
ASQGVSYNSPLH	TRBV6-5	TRBJ1-6	AFMKGAGGTSYGKLT	1805:GILGFVFTL	1
ASMVGQGTGELF	TRBV6-5	TRBJ2-2	AVGGSQGNLI	1808:GILGFVFTL	1
ASSTRAAYEQY	TRBV19	TRBJ2-7	AVNEGGGSQGNLI	1810:GILGFVFTL	1
ASSLGVAGTNTGELF	TRBV11-2	TRBJ2-2	AMKSTNAGKST	1811:GILGFVFTL	1
ASSVRSSYEQY	TRBV19	TRBJ2-7	AGAGSQGNLI	1813:GILGFVFTL	1
ASSTRSTDTQY	TRBV19	TRBJ2-3	ATEGDSGYSTLT	1816:GILGFVFTL	1
ASSIRAAYEQY	TRBV19	TRBJ2-7	AGAIGSSNTGKLI	1818:GILGFVFTL	1
ASSPTRPVEQY	TRBV27	TRBJ2-7	ALHSGGYQKVT	1819:GILGFVFTL	1
ASSSRSSYEQY	TRBV19	TRBJ2-7	AVDNTDKLI	1821:GILGFVFTL	1
ASSFRSSYEQY	TRBV19	TRBJ2-7	AVNIGGGSQGNLI	1822:GILGFVFTL	1
ASNPSSTDTQY	TRBV19	TRBJ2-3	AVRDGTGANNLF	1823:GILGFVFTL	1
ASSIRSGNEQY	TRBV19	TRBJ2-7	AENMGGGSQGNLI	1824:GILGFVFTL	1
ASSWEGINYGYT	TRBV5-6	TRBJ1-2	AEIWDYGQNFV	1825:GILGFVFTL	1
ASSTRSTDTQY	TRBV19	TRBJ2-3	AGAGGGSQGNLI	1827:GILGFVFTL	1
ASSIRSAYEQY	TRBV19	TRBJ2-7	AGASGSSNTGKLI	1828:GILGFVFTL	1
ASSLPGTGGSPLH	TRBV27	TRBJ1-6	AGGGSQGNLI	1829:GILGFVFTL	1
ASAFYSNQPQH	TRBV19	TRBJ1-5	AGGGSQGNLI	1836:GILGFVFTL	1
ASSMRSTGELF	TRBV19	TRBJ2-2	AMNYGGSQGNLI	1838:GILGFVFTL	1
ASSIGVHGYT	TRBV19	TRBJ1-2	AGSGSQGNLI	1840:GILGFVFTL	1
ASSSRSTDTQY	TRBV19	TRBJ2-3	GTEEGGGSQGNLI	1841:GILGFVFTL	1
ASSIRSSYEQY	TRBV19	TRBJ2-7	AGAVGSSNTGKLI	1845:GILGFVFTL	1
ASSTRSAYEQY	TRBV19	TRBJ2-7	AGAGSQGNLI	1847:GILGFVFTL	1
ASSFSGNTGELF	TRBV12-3	TRBJ2-2	AGPGDGGSQGNLI	1849:GILGFVFTL	1
ASSWGGGSHYGYT	TRBV11-2	TRBJ1-2	AASETSYDKVI	1850:GILGFVFTL	1
ASSIRSSYEQY	TRBV19	TRBJ2-7	AGGGSQGNLI	1851:GILGFVFTL	1
ASSARSSYEQY	TRBV19	TRBJ2-7	ALSEAKDEGSEKLV	1858:GILGFVFTL	1
ASSMRSSDTQY	TRBV19	TRBJ2-3	AGQYGGSQGNLI	1859:GILGFVFTL	1
ASSLLLARETQY	TRBV28	TRBJ2-5	AMREGGNGGGFICTI	1864:GILGFVFTL	1
ASSIGLYGYT	TRBV19	TRBJ1-2	AYSPGAGGTSYGKLT	1868:GILGFVFTL	1
ASSMRSGVEQY	TRBV19	TRBJ2-7	AMREGGGSQGNLI	1869:GILGFVFTL	1
ASSIRSTGELF	TRBV19	TRBJ2-2	AGSYGGSQGNLI	1870:GILGFVFTL	1
ASSIRSSYEQY	TRBV19	TRBJ2-7	AGGGSQGNLI	1871:GILGFVFTL	1
ASSTTSGGLNEQF	TRBV19	TRBJ2-1	AGRGNNARLM	1872:GILGFVFTL	1
ASSIRSTDTQY	TRBV19	TRBJ2-3	AGNYGGSQGNLI	1873:GILGFVFTL	1
ASSTHSGNQPQH	TRBV19	TRBJ1-5	AVSPIDMDSNYQLI	1875:GILGFVFTL	1
ASSIRAGETQY	TRBV19	TRBJ2-5	AMSGDGGSQGNLI	1877:GILGFVFTL	1
ASSSRSHQPQH	TRBV19	TRBJ1-5	AGVGGGSQGNLI	1878:GILGFVFTL	1
ASSFRSTDTQY	TRBV19	TRBJ2-3	AGAGGGSQGNLI	1882:GILGFVFTL	1
ASSLGSYGYT	TRBV19	TRBJ1-2	AYMVNAGGTSYGKLT	1883:GILGFVFTL	1
SARGRSEDTQY	TRBV20-1	TRBJ2-3	AGSPSNTGKLI	1889:GILGFVFTL	1
ASSSVGSPYEQY	TRBV18	TRBJ2-7	AAWASSEGNKLV	1890:GILGFVFTL	1
ASSGRSAGELF	TRBV19	TRBJ2-2	ASETGNQFY	1891:GILGFVFTL	1
ASSSRSGNEKLF	TRBV19	TRBJ1-4	AVPNTNAGKST	1892:GILGFVFTL	1
AWTGTGKIGWDSPLH	TRBV30	TRBJ1-6	ALKLIKAAGNKLT	1894:GILGFVFTL	1
ASSLYSNQPQH	TRBV19	TRBJ1-5	AGSPSNTGKLI	1895:GILGFVFTL	1
ASSIGVWGYT	TRBV19	TRBJ1-2	AFMIGAGGTSYGKLT	1898:GILGFVFTL	1
ASSIRSAYEQY	TRBV19	TRBJ2-7	AGGGSQGNLI	1900:GILGFVFTL	1
ASSGRSGETQY	TRBV19	TRBJ2-5	IVRVSGAGGTSYGKLT	1905:GILGFVFTL	1
SACRDREPDTQY	TRBV29-1	TRBJ2-3	AGNSGNTGKLI	1906:GILGFVFTL	1
ASTPHRGPSYEQY	TRBV7-8	TRBJ2-7	ALSEANTGNQFY	1908:GILGFVFTL	1
ASSIHSTDTQY	TRBV19	TRBJ2-3	AGPTHDMNYGGSQGNLI	1911:GILGFVFTL	1
ASSIRSSYEQY	TRBV19	TRBJ2-7	AASAGGGSQGNLI	1913:GILGFVFTL	1
ASSIRSAYEQY	TRBV19	TRBJ2-7	AGPLVNYGGSQGNLI	1914:GILGFVFTL	1
ASSPEAGVSNTEAF	TRBV18	TRBJ1-1	AVSAVMDSSYKLI	1915:GILGFVFTL	1
ASSIRSSYEQY	TRBV19	TRBJ2-7	AVGGYGGSQGNIL	1918:GILGFVFTL	1
ASSFYSNQPQH	TRBV19	TRBJ1-5	AMRGDAGGTSYGKLT	1919:GILGFVFTL	1
ASSIRSSYEQF	TRBV19	TRBJ2-1	AGGGSSNTGKLI	1920:GILGFVFTL	1
ASSLWGDYEQY	TRBV12-3	TRBJ2-7	AASMGGGSQGNLI	1921:GILGFVFTL	1
ASSIRSTGELF	TRBV19	TRBJ2-2	AGNYGGSQGNLI	1923:GILGFVFTL	1
ASRSGREAF	TRBV19	TRBJ1-1	AASGSSNAGNMLT	1929:GILGFVFTL	1
ASSMGQGTYEQY	TRBV19	TRBJ2-7	APYTSGSSNTGKLI	1930:GILGFVFTL	1
ASSMRSSDTQY	TRBV19	TRBJ2-3	AYSYGGSQGNLI	1933:GILGFVFTL	1
ASSSRSTDTQY	TRBV19	TRBJ2-3	AGAGGGSQGNLI	1934:GILGFVFTL	1
ASSVVASSYNEQF	TRBV9	TRBJ2-1	ALSGSSVGAAGNKLT	1935:GILGFVFTL	1
ASSSRSSYEQY	TRBV19	TRBJ2-7	AGAGSQGNLI	1937:GILGFVFTL	1
ASSIGVHGYT	TRBV19	TRBJ1-2	AFMRDAGGTSYGKLT	1938:GILGFVFTL	1
ASSIRSAYEQY	TRBV19	TRBJ2-7	AGAYGSSNTGKLI	1940:GILGFVFTL	1
ASSIRSGDTQY	TRBV19	TRBJ2-3	ALTGGGSQGNLI	1942:GILGFVFTL	1
ASSPFGANVLT	TRBV19	TRBJ2-6	AGQNINMNRDDKII	1944:GILGFVFTL	1
ASYDFTEAF	TRBV19	TRBJ1-1	AGAHGSSNTGKLI	1946:GILGFVFTL	1
ASSSRDGGTDTQY	TRBV7-9	TRBJ2-3	AAPYGGSQGNLI	1947:GILGFVFTL	1
ASSIRATGELF	TRBV19	TRBJ2-2	AGAGGGSQGNLI	1951:GILGFVFTL	1
ASSVRSTDTQY	TRBV19	TRBJ2-3	AGSYGGSQGNLI	1954:GILGFVFTL	1
ASSIRSSYEQY	TRBV19	TRBJ2-7	AQAGSQGNLI	1956:GILGFVFTL	1
ASSIGLYGYT	TRBV19	TRBJ1-2	AYATNAGGTSYGKLT	1958:GILGFVFTL	1
ASSIGYYGYT	TRBV19	TRBJ1-2	AFMLGAGGTSYGKLT	1959:GILGFVFTL	1
ASSIRSSYEQY	TRBV19	TRBJ2-7	AAGGSQGNLI	1963:GILGFVFTL	1
ASSIGVAGYT	TRBV19	TRBJ1-2	AFMVNAGGTSYGKLT	1966:GILGFVFTL	1
ASSIGAWGYT	TRBV19	TRBJ1-2	AFMINAGGTSYGKLT	1967:GILGFVFTL	1
ASSHYSVNEQF	TRBV19	TRBJ2-1	AGGGSQGNLI	1968:GILGFVFTL	1
ASSIVIVAGANVLT	TRBV19	TRBJ2-6	AVNTNAGKST	1969:GILGFVFTL	1
ASNPASGGELF	TRBV10-1	TRBJ2-2	AEIFSGGGADGLT	1970:GILGFVFTL	1
ASSIRSSYEQY	TRBV19	TRBJ2-7	AGGGSQGNLI	1971:GILGFVFTL	1
ASSDPSFFLTNTEAF	TRBV6-4	TRBJ1-1	AYRISLNNNDMR	1973:GILGFVFTL	1
ASSGRSTDTQY	TRBV19	TRBJ2-3	AGPEGGGSQGNLI	1975:GILGFVFTL	1
ASSSRSSYEQY	TRBV19	TRBJ2-7	AGAGSQGNLI	1978:GILGFVFTL	1
ASAHPRASGSTDTQY	TRBV7-2	TRBJ2-3	AGAGSQGNLI	1980:GILGFVFTL	1
ASSIRSSYEQY	TRBV19	TRBJ2-7	AAKEGYSTLT	1981:GILGFVFTL	1
ASSPFQGSYEQY	TRBV5-4	TRBJ2-7	AVSERESGGSNYKLT	1983:GILGFVFTL	1
ASSSGLAGVNEQF	TRBV7-9	TRBJ2-1	AVAVGVSGGGADGLT	1985:GILGFVFTL	1
ASSIRSSYEQY	TRBV19	TRBJ2-7	AGGGSQGNLI	1990:GILGFVFTL	1
ASSVRSTDTQY	TRBV19	TRBJ2-3	AANYGGSQGNLI	1994:GILGFVFTL	1
ASSIRSLDTQY	TRBV19	TRBJ2-3	AGDGGGGSQGNLI	1995:GILGFVFTL	1
ASSIRSSYEQY	TRBV19	TRBJ2-7	AGGGSQENLI	1996:GILGFVFTL	1
ASSDAGGGMAEAF	TRBV25-1	TRBJ1-1	AFLNAGKST	1999:GILGFVFTL	1
ASSARSNQPQH	TRBV19	TRBJ1-5	AMSGDGGSQGNLI	2008:GILGFVFTL	1
ASSGGITVYGYT	TRBV2	TRBJ1-2	ATHPIQGAQKLV	2013:GILGFVFTL	1
ASSSQGGGSGYT	TRBV6-5	TRBJ1-2	AYSPAAGGTSYGKLT	2014:GILGFVFTL	1
SARLAGLTYNEQF	TRBV20-1	TRBJ2-1	AGPGDGGSQGNLI	2018:GILGFVFTL	1
ASSSRSGTEQF	TRBV19	TRBJ2-1	AVGGGGGSQGNLI	2019:GILGFVFTL	1
ASSTGRNYGYT	TRBV3-1	TRBJ1-2	AALELNYGQNFV	2020:GILGFVFTL	1
ASSARSSYEQY	TRBV19	TRBJ2-7	AMKGYQKVT	2021:GILGFVFTL	1
ASSEAISGAWDEQF	TRBV6-1	TRBJ2-1	ALNDYKLS	2023:GILGFVFTL	1
ASSDSYLEGGYT	TRBV6-4	TRBJ1-2	AFMINAGGTSYGKLT	2025:GILGFVFTL	1
ASAFYSNQPQH	TRBV19	TRBJ1-5	AFDQRSGGSNYKLT	2027:GILGFVFTL	1
ASSIRSAYEQY	TRBV19	TRBJ2-7	AGGGSGNTGKLI	2029:GILGFVFTL	1
ASSIRSQVEQF	TRBV19	TRBJ2-1	AGGGSQGNLI	2030:GILGFVFTL	1
ASSIRSSYEQY	TRBV19	TRBJ2-7	AVGDNFNKFY	2032:GILGFVFTL	1
ASSTRSSYEQY	TRBV19	TRBJ2-7	AVRAPLEYGNKLV	2033:GILGFVFTL	1
ASSARSTGELF	TRBV19	TRBJ2-2	AGNYGGSQGNLI	2035:GILGFVFTL	1
ASSIRASETQY	TRBV19	TRBJ2-5	AERGGGGSQGNLI	2044:GILGFVFTL	1
ASSIYSVNEQF	TRBV19	TRBJ2-1	VVNKFDGSGNTGKLI	2047:GILGFVFTL	1
ASSLERNTYEQY	TRBV28	TRBJ2-7	AVINQAGTALI	2055:GILGFVFTL	1
ASSGLAGARNEQY	TRBV6-6	TRBJ2-7	VVSEGVTEDMR	2056:GILGFVFTL	1
ASSTRSTDTQY	TRBV19	TRBJ2-3	ALSYMEYGNKLV	2058:GILGFVFTL	1
ASSIRSSYEQY	TRBV19	TRBJ2-7	AGAIGSSNTGKLI	2059:GILGFVFTL	1
ASSIRAAYEQY	TRBV19	TRBJ2-7	AGASGSSNTGKLI	2060:GILGFVFTL	1
ASMELAGLNEQF	TRBV19	TRBJ2-1	ATDAGGGSQGNLI	2062:GILGFVFTL	1
ASSEGEAVYNSPLH	TRBV11-2	TRBJ1-6	AYSPAAGGTSYGKLT	2063:GILGFVFTL	1
ASSPTLQGPLGETQY	TRBV4-1	TRBJ2-5	AMRGEEGSQGNLI	2064:GILGFVFTL	1
ASSTRSTDTQY	TRBV19	TRBJ2-3	AITYGGSQGNLI	2065:GILGFVFTL	1
ASSIRSSYEQY	TRBV19	TRBJ2-7	AVGGDGGSQGNLI	2067:GILGFVFTL	1
ASSIRSSYEQY	TRBV19	TRBJ2-7	IFVRNRDDKII	2069:GILGFVFTL	1
ASSVRSSYEQY	TRBV19	TRBJ2-7	AGPGSQGNLI	2070:GILGFVFTL	1
ASSSFLLSEQY	TRBV19	TRBJ2-7	AEDNNARLM	2073:GILGFVFTL	1
ASSIRSMDIQY	TRBV19	TRBJ2-4	AGSYGGSQGNLI	2074:GILGFVFTL	1
SAAGLAGGSYEQY	TRBV20-1	TRBJ2-7	VVPESGNTGKLI	2075:GILGFVFTL	1
ASSIRSSYEQY	TRBV19	TRBJ2-7	AGVRDGNNRLA	2076:GILGFVFTL	1
ASSVYSNQPQH	TRBV19	TRBJ1-5	AMRGDAGGTSYGKLT	2077:GILGFVFTL	1
ASSLEWGGETQY	TRBV5-1	TRBJ2-5	ADMNRDDKII	2078:GILGFVFTL	1
ASSIFTIEPQH	TRBV19	TRBJ1-5	AVVRGSMDSNYQLI	2080:GILGFVFTL	1
ASSPGHPSSYNEQF	TRBV7-9	TRBJ2-1	AFMKGAGGTSYGKLT	2081:GILGFVFTL	1
ASSQRASYEQY	TRBV19	TRBJ2-7	AENRGGGSQGNLI	2083:GILGFVFTL	1
ASSTRSAYEQY	TRBV19	TRBJ2-7	AGASGSSNTGKLI	2087:GILGFVFTL	1
ASSIVSTDTQY	TRBV19	TRBJ2-3	AGQGVPAGGNTGKLI	2088:GILGFVFTL	1
ASSVAGGDTGELF	TRBV9	TRBJ2-2	AVAKDLQNSGGGADGLT	2089:GILGFVFTL	1
ASSPRSGVEQF	TRBV19	TRBJ2-1	IVRASGDYKLS	2090:GILGFVFTL	1
ASSVDPAGGSSYEQY	TRBV9	TRBJ2-7	ILKTGANNLF	2093:GILGFVFTL	1
ASSTYSNQPQH	TRBV19	TRBJ1-5	AGAGQRGSQGNLI	2097:GILGFVFTL	1
ASSMRAGYEQY	TRBV19	TRBJ2-7	AGAGDGGSQGNLI	2099:GILGFVFTL	1
ASSMRASYEQY	TRBV19	TRBJ2-7	AVNKGGGSQGNLI	2100:GILGFVFTL	1
ASSIVSNQPQH	TRBV19	TRBJ1-5	AGQRGDGGSQGNLI	2101:GILGFVFTL	1
ASSFRSSETQY	TRBV19	TRBJ2-5	AYGGSQGNLI	2102:GILGFVFTL	1
ASSIRSSYEQY	TRBV19	TRBJ2-7	AGQGSQGNLI	2108:GILGFVFTL	1
ASSWRSDTEAF	TRBV19	TRBJ1-1	AGGGSGGSQGNLI	2111:GILGFVFTL	1
ASSWGGGSHYGYT	TRBV7-2	TRBJ1-2	AFMTNAGGTSYGKLT	2113:GILGFVFTL	1
ASSRGGLSYNEQF	TRBV14	TRBJ2-1	ALSPGGGSQGNLI	2115:GILGFVFTL	1
ASSIRASYEQY	TRBV19	TRBJ2-7	AASAGGGSQGNLI	2116:GILGFVFTL	1
ASSIGIYGYT	TRBV19	TRBJ1-2	AYSANAGGTSYGKLT	2117:GILGFVFTL	1
ASSQRSTDTQY	TRBV19	TRBJ2-3	AGAGGGSQGNLI	2118:GILGFVFTL	1
ASSIRSGVEQY	TRBV19	TRBJ2-7	AGGGDGGSQGNLI	2119:GILGFVFTL	1
ASSIYSGGYNEQF	TRBV19	TRBJ2-1	ATDGSSSNTGKLI	2120:GILGFVFTL	1
ASSSRSRQYRGSSYEQY	TRBV5-6	TRBJ2-7	AGRDGGSQGNLI	2121:GILGFVFTL	1
ASSIYSNQPQH	TRBV19	TRBJ1-5	AMRGDAGGTSYGKLT	2123:GILGFVFTL	1
ASSTRSTDTQY	TRBV19	TRBJ2-3	AGADGGSQGNLI	2124:GILGFVFTL	1
ASSYRSQETQY	TRBV19	TRBJ2-5	AATGGGSQGNLI	2125:GILGFVFTL	1
ASSIRSTDTQY	TRBV19	TRBJ2-3	AENKGGGSQGNLI	2128:GILGFVFTL	1
ASSQRPSEVGELF	TRBV4-2	TRBJ2-2	AGPGSQGNLI	2131:GILGFVFTL	1
ASSIFSGGQNIQY	TRBV19	TRBJ2-4	ALSDSGGSNYKLT	2133:GILGFVFTL	1
ASSMRSSHEQY	TRBV19	TRBJ2-7	AGNYGGSQGNLI	2137:GILGFVFTL	1
ASSIRATYEQY	TRBV19	TRBJ2-7	AGVGGGSQGNLI	2138:GILGFVFTL	1
ASSIRGAETQY	TRBV19	TRBJ2-5	AESINTGGFKTI	2139:GILGFVFTL	1
ASSQGAYGYT	TRBV19	TRBJ1-2	AYSPAAGGTSYGKLT	2141:GILGFVFTL	1
ASSIRSSYEQY	TRBV19	TRBJ2-7	AVDENGGSQGNLI	2142:GILGFVFTL	1
ASSQGPTGGYVSEAF	TRBV7-3	TRBJ1-1	AGGGSQGNLI	2144:GILGFVFTL	1
ASSIRSGNEQY	TRBV19	TRBJ2-7	AGVNTGRRALT	2145:GILGFVFTL	1
ASSARSSNEQF	TRBV19	TRBJ2-1	AGAGGGSQGNLI	2146:GILGFVFTL	1
ASSTRSTDTQY	TRBV19	TRBJ2-3	AGAGGGSQGNLI	2147:GILGFVFTL	1
ASSGLSNQPQH	TRBV19	TRBJ1-5	AGPSEPGDSNYQLI	2148:GILGFVFTL	1
ASSIRASYEQY	TRBV19	TRBJ2-7	AVGGGGGSQGNLI	2149:GILGFVFTL	1
ASSPHGGQPRTGQH	TRBV19	TRBJ1-5	AMREDSNYQLI	2151:GILGFVFTL	1
ASSIRSSYEQY	TRBV19	TRBJ2-7	AHGGSQGNLI	2153:GILGFVFTL	1
ASSIRSSYEQY	TRBV19	TRBJ2-7	AAGGSQGNLI	2154:GILGFVFTL	1
ASSTRATETQY	TRBV19	TRBJ2-5	AMTGDGGSQGNLI	2157:GILGFVFTL	1
ASSIRSSYEQY	TRBV19	TRBJ2-7	ALSEDGAGNMLT	2159:GILGFVFTL	1
ASSTGSYGYT	TRBV19	TRBJ1-2	AFMVNAGGTSYGKLT	2160:GILGFVFTL	1
ASSYSTSGNTIY	TRBV6-5	TRBJ1-3	AYSHNAGGTSYGKLT	2162:GILGFVFTL	1
ASSIRSSYEQY	TRBV19	TRBJ2-7	AERIPNFGNEKLT	2164:GILGFVFTL	1
ASSIRSSYEQY	TRBV19	TRBJ2-7	AASDVDYKLS	2167:GILGFVFTL	1
ASSARSSTEQY	TRBV19	TRBJ2-7	AVLDSNYQLI	2172:GILGFVFTL	1
ASSSRSSYEQY	TRBV19	TRBJ2-7	AGAGSQGNLI	2175:GILGFVFTL	1
ASSIRSSGELF	TRBV19	TRBJ2-2	AENKGGGSQGNLI	2176:GILGFVFTL	1
ASSPRSTDTQY	TRBV19	TRBJ2-3	AVNAGGGSQGNLI	2177:GILGFVFTL	1
ASSLERGTDTQY	TRBV5-1	TRBJ2-3	AENDGNQFY	2178:GILGFVFTL	1
ASSFLIGELF	TRBV7-2	TRBJ2-2	AYSPAAGGTSYGKLT	2180:GILGFVFTL	1
ASSTRSAYEQY	TRBV19	TRBJ2-7	AAGGSQGNLI	2181:GILGFVFTL	1
ASSSRAGGEQY	TRBV19	TRBJ2-7	AENEGGGSQGNLI	2183:GILGFVFTL	1
ASSIGLYGYT	TRBV19	TRBJ1-2	AENTGGGSQGNLI	2189:GILGFVFTL	1
ASSLLGRAGTDTQY	TRBV10-2	TRBJ2-3	AFSSNYQLI	2190:GILGFVFTL	1
ASSPIAGSSYEQY	TRBV14	TRBJ2-7	AAETTSGTYKYI	2192:GILGFVFTL	1
ASSGRATDTQY	TRBV19	TRBJ2-3	ALALGGGSQGNLI	2197:GILGFVFTL	1
ASSYAETQY	TRBV6-5	TRBJ2-5	ARTGGSYIPT	2198:GILGFVFTL	1
ASSARSSYEQY	TRBV19	TRBJ2-7	AFMKGAGGTSYGKLT	2199:GILGFVFTL	1
ATAPHSGNQPQH	TRBV19	TRBJ1-5	ATARSSMDSNYQLI	2202:GILGFVFTL	1
ASSWRSTDTQY	TRBV19	TRBJ2-3	ADSGGGADGLT	2206:GILGFVFTL	1
ASSIRSAYEQY	TRBV19	TRBJ2-7	AGAEGSSNTGKLI	2207:GILGFVFTL	1
ASSIRSAYEQY	TRBV19	TRBJ2-7	AGAQGSSNTGKLI	2209:GILGFVFTL	1
ASSTRATGELF	TRBV19	TRBJ2-2	AENLGGGSQGNLI	2210:GILGFVFTL	1
ASSIRAAYEQY	TRBV19	TRBJ2-7	AEVKGGGSQGNLI	2212:GILGFVFTL	1
ASSIGAHGYT	TRBV19	TRBJ1-2	AFMVNAGGTSYGKLT	2213:GILGFVFTL	1
ASSYLRTGSVRYNEQF	TRBV6-3	TRBJ2-1	AASGSGGTSYGKLT	2214:GILGFVFTL	1
ASSIHKNQPQH	TRBV19	TRBJ1-5	AATGTSYDKVI	2216:GILGFVFTL	1
ASSSAAAYEQY	TRBV7-9	TRBJ2-7	AASMGGGSQGNLI	2217:GILGFVFTL	1
ASSRRSSDEQY	TRBV19	TRBJ2-7	AGAGGGSQGNLI	2218:GILGFVFTL	1
ASSWVVPPNEQF	TRBV7-3	TRBJ2-1	AGADQGGKLI	2219:GILGFVFTL	1
SARDLTAGSYEQY	TRBV20-1	TRBJ2-7	LVPTGANNLF	2221:GILGFVFTL	1
ASSIGSHGYT	TRBV19	TRBJ1-2	AFMKGAGGTSYGKLT	2224:GILGFVFTL	1
ASSPRGQSYEQY	TRBV5-4	TRBJ2-7	ALNQAGTALI	2226:GILGFVFTL	1
ASSLGDNTEAF	TRBV7-9	TRBJ1-1	AGASNTGKLI	2227:GILGFVFTL	1
ASSTRSGTEAF	TRBV19	TRBJ1-1	AENQGGGSQGNLI	2228:GILGFVFTL	1
ASSQGAYGYT	TRBV19	TRBJ1-2	AFMKGAGGTSYGKLT	2233:GILGFVFTL	1
ASSIRSAYEQY	TRBV19	TRBJ2-7	AGAAGSSNTGKLI	2234:GILGFVFTL	1
ATSERGDLNFGTDTQY	TRBV15	TRBJ2-3	AASAFLGGSEKLV	2238:GILGFVFTL	1
ASSQGTSGFWQF	TRBV3-1	TRBJ2-1	AVNEVEGGKLI	2240:GILGFVFTL	1
ASSIRAAYEQY	TRBV19	TRBJ2-7	AVNAGGGSQGNLI	2241:GILGFVFTL	1
SARGGDSVLRVGEQY	TRBV20-1	TRBJ2-7	ALSGSDYKLS	2242:GILGFVFTL	1
ASSIRSSETQY	TRBV19	TRBJ2-5	AGQLGGGSQGNLI	2243:GILGFVFTL	1
ASSIRSSYEQY	TRBV19	TRBJ2-7	AGGGSQGNLI	2245:GILGFVFTL	1
ASSMRAGETQY	TRBV19	TRBJ2-5	AVRRDGNKLV	2247:GILGFVFTL	1
ASSIGSYGYT	TRBV19	TRBJ1-2	AFMKDAGGTSYGKLT	2250:GILGFVFTL	1
ASSGRSGETQY	TRBV19	TRBJ2-5	AEQGSQGNLI	2255:GILGFVFTL	1
ASSIRSSYEQY	TRBV19	TRBJ2-7	AVSGLNNQGGKLI	2256:GILGFVFTL	1
ATYLSRDRDSPLH	TRBV24-1	TRBJ1-6	AALEETNAGKST	2257:GILGFVFTL	1
ASVWQGAYNEQF	TRBV2	TRBJ2-1	ATDSLTGANNLF	2261:GILGFVFTL	1
ASSIRSSYEQY	TRBV19	TRBJ2-7	AGGGSQGNLI	2265:GILGFVFTL	1
ASSTRSAYEQY	TRBV19	TRBJ2-7	AGGGSQGNLI	2268:GILGFVFTL	1
ASSGGVSGGAGETQY	TRBV12-3	TRBJ2-5	AVAKDLQNSGGGADGLT	2272:GILGFVFTL	1
SAARTGGNEKLF	TRBV29-1	TRBJ1-4	AGGGSQGNLI	2278:GILGFVFTL	1
ASSIRSSYEQY	TRBV19	TRBJ2-7	AGEGGGSQGNLI	2280:GILGFVFTL	1
ASSVRAGETQY	TRBV19	TRBJ2-5	AENMGGGSQGNLI	2281:GILGFVFTL	1
ASSLRASGAQY	TRBV19	TRBJ2-5	ALNPLIQGAQKLV	2283:GILGFVFTL	1
ASSLVGGTDEKLF	TRBV7-9	TRBJ1-4	AASETSYDKVI	2284:GILGFVFTL	1
ASSIRSSYEQY	TRBV19	TRBJ2-7	AATNQFY	2285:GILGFVFTL	1
ASSIRSSYEQY	TRBV19	TRBJ2-7	APRMDSSYKLI	2286:GILGFVFTL	1
ASSIRSSYEQY	TRBV19	TRBJ2-7	ALNAGGTSYGKLT	2287:GILGFVFTL	1
ASSGLSNQPQH	TRBV19	TRBJ1-5	AGPSEPGDSNYQLI	2290:GILGFVFTL	1
ASSVRSSYEQY	TRBV19	TRBJ2-7	AAGEYGNKLV	2291:GILGFVFTL	1
ASSGRSADTQY	TRBV19	TRBJ2-3	AADNQGGKLI	2292:GILGFVFTL	1
ASSIRSTGELF	TRBV19	TRBJ2-2	AGAGGGSQGNLI	2293:GILGFVFTL	1
ASSEGTVTEAF	TRBV6-1	TRBJ1-1	AVDEGGGSQGNLI	2294:GILGFVFTL	1
ASSIRSSYEQY	TRBV19	TRBJ2-7	AASMGGGSQGNLI	2295:GILGFVFTL	1
ASSIRSSHEQY	TRBV19	TRBJ2-7	AVNWGGGSQGNLI	2296:GILGFVFTL	1
ASSIFSGKPQH	TRBV19	TRBJ1-5	AMREEGMDSNYQLI	2298:GILGFVFTL	1
ASSDRSNTEAF	TRBV19	TRBJ1-1	AMSGDGGSQGNLI	2303:GILGFVFTL	1
ASSGRSTDTQY	TRBV19	TRBJ2-3	AGHGTASKLT	2305:GILGFVFTL	1
ASSIRSTDTQY	TRBV19	TRBJ2-3	AASIGGGSQGNLI	2307:GILGFVFTL	1
ASSIRSSYEQY	TRBV19	TRBJ2-7	AGGGSQGNLI	2308:GILGFVFTL	1
ASSTRSSYEQY	TRBV19	TRBJ2-7	ALSGIGGSQGNLI	2310:GILGFVFTL	1
ASSMRSSYEQY	TRBV19	TRBJ2-7	APVNAGNMLT	2311:GILGFVFTL	1
SLQGGRYNEQF	TRBV29-1	TRBJ2-1	AASTNARLM	2312:GILGFVFTL	1
ASSIRSSYEQY	TRBV19	TRBJ2-7	AVPKGSQGNLI	2313:GILGFVFTL	1
ASSQGSEAF	TRBV4-3	TRBJ1-1	AVRANDYKLS	2314:GILGFVFTL	1
ASSSRSAYEQY	TRBV19	TRBJ2-7	AGCHGSGNTGKLI	2315:GILGFVFTL	1
ASSGRSTDTQY	TRBV19	TRBJ2-3	AGAGGGSQGNLI	2317:GILGFVFTL	1
ASSIRSSYEQF	TRBV19	TRBJ2-1	AGAFGSSNTGKLI	2318:GILGFVFTL	1
ASSIRSAYEQY	TRBV19	TRBJ2-7	AVKENEKLT	2319:GILGFVFTL	1
ASSPRSSQPQH	TRBV19	TRBJ1-5	ILSIQGGSEKLV	2325:GILGFVFTL	1
ASSIRSAYEQY	TRBV19	TRBJ2-7	AGAHGSSNTGKLI	2327:GILGFVFTL	1
AWSPKTSDTGELF	TRBV30	TRBJ2-2	AFMKGAGGTSYGKLT	2330:GILGFVFTL	1
ASSGISTDTQY	TRBV19	TRBJ2-3	AGPTNAGKST	2331:GILGFVFTL	1
ASSIRAAYEQY	TRBV19	TRBJ2-7	AGGLGGGSQGNLI	2332:GILGFVFTL	1
ASSGRSTGELF	TRBV19	TRBJ2-2	AGAGGGSQGNLI	2333:GILGFVFTL	1
SASPGDYEQY	TRBV20-1	TRBJ2-7	AGGGSQGNLI	2334:GILGFVFTL	1
ASSLYSATGELF	TRBV28	TRBJ2-2	AFMINAGGTSYGKLT	2335:GILGFVFTL	1
ASSGRSGETQY	TRBV19	TRBJ2-5	AVNQGAQKLV	2336:GILGFVFTL	1
ASSVRSTGELF	TRBV19	TRBJ2-2	ALGGAQKLV	2338:GILGFVFTL	1
SARLAGLTYNEQF	TRBV20-1	TRBJ2-1	IVSYKLI	2340:GILGFVFTL	1
AWVLGPAGDTQY	TRBV30	TRBJ2-3	ATEGASGGSYIPT	2342:GILGFVFTL	1
ASRIDSNQPQH	TRBV19	TRBJ1-5	AMRGDAGGTSYGKLT	2344:GILGFVFTL	1
ASSFLDRGPNTEAF	TRBV12-3	TRBJ1-1	AVRRDGNKLV	2345:GILGFVFTL	1
ASSIGTDTQY	TRBV19	TRBJ2-3	AFVDGSQGNLI	2346:GILGFVFTL	1
ASSLGPITGLPYNEQF	TRBV5-6	TRBJ2-1	AETWNNFNKFY	2347:GILGFVFTL	1
ASSIRSSYEQY	TRBV19	TRBJ2-7	AGAGSQGNLI	2348:GILGFVFTL	1
ATSQGSYGYT	TRBV15	TRBJ1-2	AFMTNAGGTSYGKLT	2349:GILGFVFTL	1
ATSDVTGGLVGNQPQH	TRBV24-1	TRBJ1-5	AMREDPGGTSYGKLT	2352:GILGFVFTL	1
ASSRASTDTQY	TRBV19	TRBJ2-3	APNKTSYDKVI	2353:GILGFVFTL	1
ASSIRSTGELF	TRBV19	TRBJ2-2	AGGDGGSQGNLI	2354:GILGFVFTL	1
ASSIRSSYEQY	TRBV19	TRBJ2-7	AVGGSQGNLI	2364:GILGFVFTL	1
SARDGTRAHYEQF	TRBV20-1	TRBJ2-1	AVNLNEKLT	2366:GILGFVFTL	1
ASNPSSTDTQY	TRBV19	TRBJ2-3	AVRDGTGANNLF	2367:GILGFVFTL	1
ASSLDTQY	TRBV7-9	TRBJ2-3	AGGGSGNTGKLI	2368:GILGFVFTL	1
ASSIRSAYEQY	TRBV19	TRBJ2-7	AGAFGSSNTGKLI	2371:GILGFVFTL	1
ASSLPKTINSEQY	TRBV28	TRBJ2-7	AIGFQKLV	2372:GILGFVFTL	1
ASSLRSSYEQY	TRBV19	TRBJ2-7	AGILYGGSQGNLI	2374:GILGFVFTL	1
ASSKRSTDTQY	TRBV19	TRBJ2-3	AGAGGGSQGNLI	2377:GILGFVFTL	1
ASSFGVHGYT	TRBV19	TRBJ1-2	AFMIGAGGTSYGKLT	2378:GILGFVFTL	1
ASSIRSSYEQY	TRBV19	TRBJ2-7	ASGGSQGNLI	2379:GILGFVFTL	1
ASSSRSSYEQY	TRBV19	TRBJ2-7	AVTSSTGKLI	2380:GILGFVFTL	1
ASSTRSSYEQY	TRBV19	TRBJ2-7	AGNYGGSQGNLI	2381:GILGFVFTL	1
ASSPRSTDTQY	TRBV19	TRBJ2-3	AGQEGQNFV	2383:GILGFVFTL	1
ASSQVVGNTIY	TRBV4-2	TRBJ1-3	AANYGAGSYQLT	2385:GILGFVFTL	1
ASSIMGSGNTIY	TRBV19	TRBJ1-3	PGADGGIQRNLI	2389:GILGFVFTL	1
ASSTRSSETQY	TRBV19	TRBJ2-5	AFQNQGGKLI	2390:GILGFVFTL	1
ASSSANYGYT	TRBV12-4	TRBJ1-2	AGPMKTSYDKVI	2391:GILGFVFTL	1
ASSIRSGYEQF	TRBV19	TRBJ2-1	AGHTGNQFY	2392:GILGFVFTL	1
ASSLIFPSGEQY	TRBV27	TRBJ2-7	AGPDGSSNTGKLI	2395:GILGFVFTL	1
ASRVDRLPSNEKLF	TRBV12-4	TRBJ1-4	AYSHNAGGTSYGKLT	2396:GILGFVFTL	1
ASSIRSAWEQF	TRBV19	TRBJ2-1	ASAGSGNTGKLI	2402:GILGFVFTL	1
ASSTGQPQH	TRBV19	TRBJ1-5	ILRDLNAGGTSYGKLT	2403:GILGFVFTL	1
ASSIRSGETQY	TRBV19	TRBJ2-5	APEGGQNFV	2405:GILGFVFTL	1
ASSIRSAYEQY	TRBV19	TRBJ2-7	AGAFGSSNTGKLI	2406:GILGFVFTL	1
ASSLSRRGPNYGYT	TRBV27	TRBJ1-2	ALSEALVTGGGNKLT	2407:GILGFVFTL	1
ASSTRAGDTQY	TRBV19	TRBJ2-3	AMSGDGGSQGNLI	2409:GILGFVFTL	1
ASSARSSTEQY	TRBV19	TRBJ2-7	VVKTGNTGKLI	2410:GILGFVFTL	1
ASSQGNYGYT	TRBV19	TRBJ1-2	ALMGNAGGTSYGKLT	2411:GILGFVFTL	1
ASSIYSNQPQH	TRBV19	TRBJ1-5	AAALYNNAGNMLT	2412:GILGFVFTL	1
ATSDFPPGVRGAPQETQY	TRBV24-1	TRBJ2-5	AVPYSGGGADGLT	2413:GILGFVFTL	1
ASSTRSAYEQY	TRBV19	TRBJ2-7	AGAPGSSNTGKLI	2416:GILGFVFTL	1
ASSIRSNTEAF	TRBV19	TRBJ1-1	ALLRRNAGNMLT	2418:GILGFVFTL	1
ASSIRSSETQY	TRBV19	TRBJ2-5	AASETSYDKVI	2421:GILGFVFTL	1
ASSQGAYGYT	TRBV19	TRBJ1-2	AFMTNAGGTSYGKLT	2422:GILGFVFTL	1
ASSQFFGNTIY	TRBV19	TRBJ1-3	VPVTLGVNRDDKII	2426:GILGFVFTL	1
ASSFGSDYNEQF	TRBV7-9	TRBJ2-1	AGSGDGGSQGNLI	2427:GILGFVFTL	1
ASSEALVLEQF	TRBV7-6	TRBJ2-1	AVRDGTGANNLF	2428:GILGFVFTL	1
ASSIRSSYEQY	TRBV19	TRBJ2-7	AVDGGGGSQGNLI	2429:GILGFVFTL	1
ASSQERGGKWAYEQY	TRBV4-3	TRBJ2-7	AGGGSQGNLI	2432:GILGFVFTL	1
SVGSGDHGEQF	TRBV29-1	TRBJ2-1	AETHSGGSNYKLT	2434:GILGFVFTL	1
ASSFQGTTGANVLT	TRBV11-3	TRBJ2-6	AGGGSQGNLI	2435:GILGFVFTL	1
ASSISSINEQF	TRBV19	TRBJ2-1	ILPLAGGTSYGKLT	2438:GILGFVFTL	1
ASSIRSSYEQY	TRBV19	TRBJ2-7	AFMVGAGGTSYGKLT	2441:GILGFVFTL	1
ASKSEKGAGGSPLH	TRBV3-1	TRBJ1-6	AVDEGGGSQGNLI	2442:GILGFVFTL	1
ASSGRSTGELF	TRBV19	TRBJ2-2	AGAGGGSQGNLI	2443:GILGFVFTL	1
ASSIRSSYEQY	TRBV19	TRBJ2-7	AVNRNAGNMLT	2445:GILGFVFTL	1
ASSIRAAETQY	TRBV19	TRBJ2-5	AERDGGGSQGNLI	2447:GILGFVFTL	1
ASSIYSGQPQH	TRBV19	TRBJ1-5	ALSEVQLMDSNYQLI	2449:GILGFVFTL	1
ASSTRSSYEQY	TRBV19	TRBJ2-7	ALSGIGGSQGNLI	2452:GILGFVFTL	1
ASSMRSTGELF	TRBV19	TRBJ2-2	ALCKGDDKII	2458:GILGFVFTL	1
ASSVRSSYEQY	TRBV19	TRBJ2-7	AGAGDNTGKLI	2460:GILGFVFTL	1
ASSSRDGGTDTQY	TRBV7-9	TRBJ2-3	AYGGSQGNLI	2461:GILGFVFTL	1
ASSQERGGKWAYEQY	TRBV4-3	TRBJ2-7	AGSYGGSQGNLI	2463:GILGFVFTL	1
ASSGLNEQF	TRBV6-5	TRBJ2-1	AADNYGGSQGNLI	2465:GILGFVFTL	1
ASSTRSAYEQY	TRBV19	TRBJ2-7	AVSGDGGSQGNLI	2467:GILGFVFTL	1
ASSLRAGIEQY	TRBV19	TRBJ2-7	ALTYGGSQGNLI	2468:GILGFVFTL	1
ASSSTGGGEKDQPQH	TRBV5-4	TRBJ1-5	AGGGSQGNLI	2470:GILGFVFTL	1
ASSGRSTDTQY	TRBV19	TRBJ2-3	ATDGGGGSQGNLI	2472:GILGFVFTL	1
ASSIRSAHEQY	TRBV19	TRBJ2-7	AGVYGGSQGNLI	2474:GILGFVFTL	1
ASSIHKNQPQH	TRBV19	TRBJ1-5	AVSDQISGNEKLT	2478:GILGFVFTL	1
ASSYNPRTEVSNQPQH	TRBV6-3	TRBJ1-5	AVSSGPGKST	2480:GILGFVFTL	1
ASSMRASVEQF	TRBV19	TRBJ2-1	AVGAGGGSQGNLI	2485:GILGFVFTL	1
ASSIRAADTQY	TRBV19	TRBJ2-3	ALDMGGGSQGNLI	2486:GILGFVFTL	1
ASSIRSAYEQY	TRBV19	TRBJ2-7	AGAGSQGNLI	2489:GILGFVFTL	1
ASSIFGSSNQPQH	TRBV19	TRBJ1-5	ATDDLGLTTDSWGKFQ	2492:GILGFVFTL	1
ASSIRAGYTEAF	TRBV19	TRBJ1-1	AVSESNTGKLI	2493:GILGFVFTL	1
ASSSRASYEQY	TRBV19	TRBJ2-7	AGAGSQGNLI	2494:GILGFVFTL	1
ASSIRSSYEQY	TRBV19	TRBJ2-7	AGGGSQGNLI	2496:GILGFVFTL	1
ASSIRSSYEQY	TRBV19	TRBJ2-7	AGGGSQGNLI	2497:GILGFVFTL	1
ASSIFGQVDAF	TRBV19	TRBJ1-1	APRTSGTYKYI	2499:GILGFVFTL	1
ASSIRSEYEQY	TRBV19	TRBJ2-7	AGANTNAGKST	2500:GILGFVFTL	1
ASSMDRFTNQPQH	TRBV19	TRBJ1-5	AVADMEYGNKLV	2505:GILGFVFTL	1
ASSIRSSYEQY	TRBV19	TRBJ2-7	AFMTNAGGTSYGKLT	2507:GILGFVFTL	1
ASSGRSGETQY	TRBV19	TRBJ2-5	AANNQGGKLI	2511:GILGFVFTL	1
ASSIRSGVEQY	TRBV19	TRBJ2-7	VVPSRTGFQKLV	2513:GILGFVFTL	1
SVGSGDHGEQF	TRBV29-1	TRBJ2-1	AFMKGAGGTSYGKLT	2515:GILGFVFTL	1
ASSIGVYGYT	TRBV19	TRBJ1-2	AFMIGAGGTSYGKLT	2521:GILGFVFTL	1
ASSRRSTDTQY	TRBV19	TRBJ2-3	AGAGGGSQGNLI	2522:GILGFVFTL	1
ASSVRSGWQPQH	TRBV19	TRBJ1-5	AASGTNAGKST	2525:GILGFVFTL	1
ASSARSSYEQY	TRBV19	TRBJ2-7	AVRDGENRDDKII	2526:GILGFVFTL	1
ASSARSSYEQY	TRBV19	TRBJ2-7	AGHTGNQFY	2528:GILGFVFTL	1
ASSTRSAYEQY	TRBV19	TRBJ2-7	AGGGSQGNLI	2529:GILGFVFTL	1
ASSVRSSYEQY	TRBV19	TRBJ2-7	AAGGSQGNLI	2532:GILGFVFTL	1
ASSIRSSYEQY	TRBV19	TRBJ2-7	AGGGSGNTGKLI	2534:GILGFVFTL	1
ASSIRSSYEQY	TRBV19	TRBJ2-7	AGADDTGKLI	2535:GILGFVFTL	1
ASSMYSINIQY	TRBV19	TRBJ2-4	AGQADRGSTLGRLY	2536:GILGFVFTL	1
ASSLGDRAGGYT	TRBV12-3	TRBJ1-2	AGGGSQGNLI	2537:GILGFVFTL	1
ASSIFLGAEAF	TRBV19	TRBJ1-1	ALSEAGVTGGSYIPT	2541:GILGFVFTL	1
ASSTRSGDTQY	TRBV19	TRBJ2-3	AENMGGGSQGNLI	2543:GILGFVFTL	1
ASSLTGTVYEQY	TRBV18	TRBJ2-7	AIVEAEYGNKLV	2547:GILGFVFTL	1
ASSMRSADTQY	TRBV19	TRBJ2-3	AVSHSGGYQKVT	2548:GILGFVFTL	1
ASSISSTGELF	TRBV19	TRBJ2-2	AVRDGTGANNLF	2552:GILGFVFTL	1
ASSLGTANYGYT	TRBV5-4	TRBJ1-2	ASGGSQGNLI	2555:GILGFVFTL	1
ASSIRSAYEQY	TRBV19	TRBJ2-7	AASGSQGNLI	2556:GILGFVFTL	1
ASSIRASYEQY	TRBV19	TRBJ2-7	AGASGNTGKLI	2557:GILGFVFTL	1
ASSIRSSYEQY	TRBV19	TRBJ2-7	AVSAASGGSYIPT	2558:GILGFVFTL	1
ASSVRSSYEQY	TRBV19	TRBJ2-7	AGAIGSSNTGKLI	2559:GILGFVFTL	1
ASSMAGGPGNEQF	TRBV19	TRBJ2-1	ALSEASAGGTSYGKLT	2560:GILGFVFTL	1
ASSSRDGGTDTQY	TRBV7-9	TRBJ2-3	AYMTNAGGTSYGKLT	2561:GILGFVFTL	1
ASGNKDIHNEQF	TRBV12-5	TRBJ2-1	AGAGNTGKLI	2562:GILGFVFTL	1
ASSQGAYGYT	TRBV19	TRBJ1-2	AGSGSQGNLI	2563:GILGFVFTL	1
ASSIRSSYEQY	TRBV19	TRBJ2-7	AAGGSQGNLI	2568:GILGFVFTL	1
ASSQERGGKWAYEQY	TRBV4-3	TRBJ2-7	ALSNQGGKLI	2570:GILGFVFTL	1
ATSQGSYGYT	TRBV15	TRBJ1-2	AFMIGAGGTSYGKLT	2573:GILGFVFTL	1
ASSIRASETQY	TRBV19	TRBJ2-5	AGGLGGGSQGNLI	2574:GILGFVFTL	1
ASSTHSGNEQF	TRBV19	TRBJ2-1	AANGENNAGNMLT	2577:GILGFVFTL	1
ASSVRHGTEAF	TRBV19	TRBJ1-1	AGHWDLGNNARLM	2579:GILGFVFTL	1
ASSIRSSYEQY	TRBV19	TRBJ2-7	AGGGNGGSQGNLI	2581:GILGFVFTL	1
ASSIRAAYEQY	TRBV19	TRBJ2-7	AGGGSQGNLI	2584:GILGFVFTL	1
ASSTRSTDTQY	TRBV19	TRBJ2-3	AENGGGSTLGRLY	2586:GILGFVFTL	1
ASSIRSSYEQY	TRBV19	TRBJ2-7	AASETSYDKVI	2588:GILGFVFTL	1
ASSSSTGGVSNQPQH	TRBV7-9	TRBJ1-5	AVSDSNYQLI	2589:GILGFVFTL	1
ASSIFGAGELF	TRBV19	TRBJ2-2	AVGRDTGGFKTI	2590:GILGFVFTL	1
ASSTRSSETQY	TRBV19	TRBJ2-5	AIQGSQGNLI	2591:GILGFVFTL	1
ASSIRASYEQY	TRBV19	TRBJ2-7	AVAKDLQNSGGGADGLT	2593:GILGFVFTL	1
ASSVRAGETQY	TRBV19	TRBJ2-5	AMSGDGGSQGNLI	2594:GILGFVFTL	1
ASSIRSTDTQY	TRBV19	TRBJ2-3	AGQYGGSQGNLI	2597:GILGFVFTL	1
ASSIRSAYEQY	TRBV19	TRBJ2-7	AGARGSSNTGKLI	2599:GILGFVFTL	1
ASSIRSAYEQY	TRBV19	TRBJ2-7	AGAHGSSNTGKLI	2600:GILGFVFTL	1
ASSIGYYGYT	TRBV19	TRBJ1-2	AVREVEYGNKLV	2601:GILGFVFTL	1
ASSVELAPGELF	TRBV9	TRBJ2-2	AAEINAGGTSYGKLT	2604:GILGFVFTL	1
ASTPSSGSAGNTIY	TRBV7-9	TRBJ1-3	AMRRPSGGYNKLI	2605:GILGFVFTL	1
ASSWGGGSHYGYT	TRBV11-2	TRBJ1-2	AGGGSQGNLI	2608:GILGFVFTL	1
ASSISGGPGETQY	TRBV27	TRBJ2-5	AGGGSQGNLI	2610:GILGFVFTL	1
ASSIRSSYEQY	TRBV19	TRBJ2-7	IVRAYNNNDMR	2611:GILGFVFTL	1
ASSHYSVNEQF	TRBV19	TRBJ2-1	AENIGGSQGNLI	2612:GILGFVFTL	1
ASSPVTGGGSGANVLT	TRBV7-9	TRBJ2-6	AVNGGGGSQGNLI	2613:GILGFVFTL	1
ASSQEGGLDYGYT	TRBV4-1	TRBJ1-2	AEIALQNYGGSQGNLI	2614:GILGFVFTL	1
ASKRGMSNQPQH	TRBV10-1	TRBJ1-5	AFMMGAGGTSYGKLT	2616:GILGFVFTL	1
ASSYHSNQPQH	TRBV19	TRBJ1-5	AATGTSYDKVI	2620:GILGFVFTL	1
ASSIRSGETQY	TRBV19	TRBJ2-5	AAISNTGKLI	2625:GILGFVFTL	1
ASSQVLGLSVTGELF	TRBV6-3	TRBJ2-2	ATQGAQKLV	2626:GILGFVFTL	1
ASSMRSTDTQY	TRBV19	TRBJ2-3	AGNYGGSQGNLI	2627:GILGFVFTL	1
ASSTRSSNEQF	TRBV19	TRBJ2-1	AEDYGGSQGNLI	2628:GILGFVFTL	1
ASSIISVDTQY	TRBV19	TRBJ2-3	AVEFLDRGSTLGRLY	2630:GILGFVFTL	1
ASSIRAAETQY	TRBV19	TRBJ2-5	AAQGSQGNLI	2631:GILGFVFTL	1
ASSFRSSYEQY	TRBV19	TRBJ2-7	AGQLGGGSQGNLI	2632:GILGFVFTL	1
APLKGSSYEQY	TRBV19	TRBJ2-7	AGGGSQGNLI	2634:GILGFVFTL	1
ASSSSGGAGELF	TRBV19	TRBJ2-2	AYRVGGGSWGKTQGGSEKLV	2635:GILGFVFTL	1
ASSARSTGELF	TRBV19	TRBJ2-2	AGNYGGSQGNLI	2636:GILGFVFTL	1
ASSKGTSGSSLGNEQF	TRBV19	TRBJ2-1	AGGGSQGNLI	2638:GILGFVFTL	1
ASSMRGSDTQY	TRBV19	TRBJ2-3	AGNYGGSQGNLI	2644:GILGFVFTL	1
ASSQEWLAVSTDTQY	TRBV4-3	TRBJ2-3	AGAGDGGSQGNLI	2646:GILGFVFTL	1
ATSQRSTDTQY	TRBV15	TRBJ2-3	ATDGGGGSQGNLI	2647:GILGFVFTL	1
ASRSAYEQY	TRBV19	TRBJ2-7	IVRVANTDKLI	2653:GILGFVFTL	1
ASSGRSTDTQY	TRBV19	TRBJ2-3	AVAHGGSQGNLI	2654:GILGFVFTL	1
ASSYYSNQPQH	TRBV19	TRBJ1-5	AGPLGGGSQGNLI	2660:GILGFVFTL	1
ASSIRSSYEQY	TRBV19	TRBJ2-7	AVRDSSSGNTGKLI	2663:GILGFVFTL	1
SARGGFLSPLH	TRBV20-1	TRBJ1-6	AYGGSQGNLI	2666:GILGFVFTL	1
ASSIRSTDTQY	TRBV19	TRBJ2-3	ATDGGGGSQGNLI	2667:GILGFVFTL	1
ASSGLEGAGDTQY	TRBV7-2	TRBJ2-3	ALSEAGTGGSYIPT	2668:GILGFVFTL	1
ASSHRSGQPQH	TRBV19	TRBJ1-5	AGGGDGGSQGNLI	2669:GILGFVFTL	1
ASSQTYEQY	TRBV12-4	TRBJ2-7	AVSDDNDMR	2671:GILGFVFTL	1
ASSPVTGGGSGANVLT	TRBV7-9	TRBJ2-6	AAKEGYSTLT	2674:GILGFVFTL	1
ASSIRSSQPQH	TRBV19	TRBJ1-5	AIDLGGGSQGNLI	2686:GILGFVFTL	1
ASSIRSAYEQY	TRBV19	TRBJ2-7	AGGGSGNTGKLI	2688:GILGFVFTL	1
ASSIGVYGYT	TRBV19	TRBJ1-2	PGGSQGNLI	2694:GILGFVFTL	1
ASSMGSYGYT	TRBV19	TRBJ1-2	AYMSNAGGTSYGKLT	2695:GILGFVFTL	1
ASSPFGSDEQF	TRBV19	TRBJ2-1	AVNPSNTGKLI	2697:GILGFVFTL	1
ATSDYVSGTLQETQY	TRBV24-1	TRBJ2-5	AAPYSGGGADGLT	2698:GILGFVFTL	1
ASSWGGGSHYGYT	TRBV11-2	TRBJ1-2	AGGGYGGSQGNLI	2701:GILGFVFTL	1
ASSIRSTDTQY	TRBV19	TRBJ2-3	AFSMGGGSQGNLI	2702:GILGFVFTL	1
ASSIRSSYEQY	TRBV19	TRBJ2-7	AVNLYGGSQGNLI	2704:GILGFVFTL	1
ASSTRSSYEQY	TRBV19	TRBJ2-7	ASGGSQGNLI	2709:GILGFVFTL	1
ASSPVGVGEQF	TRBV18	TRBJ2-1	AGYNNNDMR	2713:GILGFVFTL	1
ASSQRSTDTQY	TRBV19	TRBJ2-3	ASPHQKVT	2714:GILGFVFTL	1
ASSTGAWGYT	TRBV19	TRBJ1-2	AFMTNAGGTSYGKLT	2715:GILGFVFTL	1
ASSIRSSYEQY	TRBV19	TRBJ2-7	AGGGSQGNLI	2716:GILGFVFTL	1
ASSIRSTDTQY	TRBV19	TRBJ2-3	AVSYGGSQGNLI	2717:GILGFVFTL	1
ASSFSGNTGELF	TRBV12-3	TRBJ2-2	AVAKDLQNSGGGADGLT	2718:GILGFVFTL	1
ASSIYSNQPQH	TRBV19	TRBJ1-5	AGPSSSFNYGGSQGNLI	2719:GILGFVFTL	1
ASSIRSSYEQY	TRBV19	TRBJ2-7	AGGGSQGNLI	2721:GILGFVFTL	1
ASSQGLAGSEQY	TRBV4-3	TRBJ2-7	AVRDENARLM	2723:GILGFVFTL	1
ASSVRSSYEQY	TRBV19	TRBJ2-7	AGGGSQGNLI	2724:GILGFVFTL	1
ASSIRSSEPQH	TRBV19	TRBJ1-5	AVNQGGGSQGNLI	2729:GILGFVFTL	1
ASSMRAGETQY	TRBV19	TRBJ2-5	AMSGDGGSQGNLI	2730:GILGFVFTL	1
ASSIRSSYEQY	TRBV19	TRBJ2-7	AVSEGGGSQGNLI	2737:GILGFVFTL	1
ASSIYSNQPQH	TRBV19	TRBJ1-5	AGSPSNTGKLI	2740:GILGFVFTL	1
ASSIRSAYEQF	TRBV19	TRBJ2-1	AGAQGSSNTGKLI	2741:GILGFVFTL	1
ASSIRSADTQY	TRBV19	TRBJ2-3	AVNQGGGSQGNLI	2744:GILGFVFTL	1
ASSIRSSYEQY	TRBV19	TRBJ2-7	AGAFGSSNTGKLI	2748:GILGFVFTL	1
ASSTRAANEQF	TRBV19	TRBJ2-1	AVNGGGGSQGNLI	2749:GILGFVFTL	1
ASSTSGGGTEAF	TRBV19	TRBJ1-1	ALFGGYNQGGKLI	2752:GILGFVFTL	1
ASSARAGITQY	TRBV19	TRBJ2-3	AVDEGGGSQGNLI	2753:GILGFVFTL	1
ASSDRSGNEQF	TRBV19	TRBJ2-1	AENNGGGSQGNLI	2755:GILGFVFTL	1
ASSMRSGETQY	TRBV19	TRBJ2-5	AENIGGGSQGNLI	2758:GILGFVFTL	1
ASSSSSRTSNNEQF	TRBV6-1	TRBJ2-1	AGGGSQGNLI	2759:GILGFVFTL	1
ASSIRSSYEQY	TRBV19	TRBJ2-7	AALEETNAGKST	2760:GILGFVFTL	1
ASSLQISIAGVSYNEQF	TRBV3-1	TRBJ2-1	AVKTSYDKVI	2761:GILGFVFTL	1
ASSIRSNTEAF	TRBV19	TRBJ1-1	AGDSGGGSQGNLI	2763:GILGFVFTL	1
ASSTRSTDTQY	TRBV19	TRBJ2-3	GISLGGGSQGNLI	2764:GILGFVFTL	1
ASSIRSSYEQY	TRBV19	TRBJ2-7	AVRPHTGGFKTI	2768:GILGFVFTL	1
ASSQERGGKWAYEQY	TRBV4-3	TRBJ2-7	AGQLAGGSQGNLI	2770:GILGFVFTL	1
ASSMVAALGEQF	TRBV19	TRBJ2-1	AGQSSDFAYGGSQGNLI	2772:GILGFVFTL	1
ASSMRSGANVLT	TRBV19	TRBJ2-6	ATVPSNTGKLI	2774:GILGFVFTL	1
ASSMGSYGYT	TRBV19	TRBJ1-2	AFMIGAGGTSYGKLT	2776:GILGFVFTL	1
ASSFGQGAEKLF	TRBV27	TRBJ1-4	AVQMNSGYSTLT	2777:GILGFVFTL	1
ASSVRSAYEQY	TRBV19	TRBJ2-7	AGGGSSNTGKLI	2780:GILGFVFTL	1
ASSIFSAGGKDEQF	TRBV19	TRBJ2-1	AGQPHHISNFGNEKLT	2781:GILGFVFTL	1
ASSTRSAYEQY	TRBV19	TRBJ2-7	AFMKDAGGTSYGKLT	2782:GILGFVFTL	1
ASSGRSTDTQY	TRBV19	TRBJ2-3	AGAGGGSQGNLI	2784:GILGFVFTL	1
ASSVRSADTQY	TRBV19	TRBJ2-3	AGAYGGSQGNLI	2785:GILGFVFTL	1
ASSTRSAYEQY	TRBV19	TRBJ2-7	AGAAGSSNTGKLI	2789:GILGFVFTL	1
ASSIGVYGYT	TRBV19	TRBJ1-2	AYSHNAGGTSYGKLT	2791:GILGFVFTL	1
ASSTRSTDTQY	TRBV19	TRBJ2-3	AMNYGGSQGNLI	2792:GILGFVFTL	1
ASSIRSSYEQY	TRBV19	TRBJ2-7	AAGGSQGNLI	2793:GILGFVFTL	1
ASSVGQPQH	TRBV19	TRBJ1-5	ALIITSGTYKYI	2795:GILGFVFTL	1
ASSISSTGELF	TRBV19	TRBJ2-2	ALSEAGNYQLI	2797:GILGFVFTL	1
ASSQDLAGEGTDTQY	TRBV3-1	TRBJ2-3	AVPPDSWGKLQ	2798:GILGFVFTL	1
ASSGRAAGELF	TRBV19	TRBJ2-2	AGADGGSQGNLI	2800:GILGFVFTL	1
ASSLFGSPLH	TRBV9	TRBJ1-6	ATHNFGNEKLT	2801:GILGFVFTL	1
ASSARSSTEQY	TRBV19	TRBJ2-7	AVAKDLQNSGGGADGLT	2802:GILGFVFTL	1
ASSSRSRQYRGSSYEQY	TRBV5-6	TRBJ2-7	AGRDGGSQGNLI	2804:GILGFVFTL	1
ASSARSSYEQY	TRBV19	TRBJ2-7	AASASGTYKYI	2805:GILGFVFTL	1
ASSIRASYEQY	TRBV19	TRBJ2-7	ALAGSQGNLI	2808:GILGFVFTL	1
ASSIRSSYEQY	TRBV19	TRBJ2-7	AGGGSQGNLI	2811:GILGFVFTL	1
ASSIGVYGYT	TRBV19	TRBJ1-2	AFMKDAGGTSYGKLT	2812:GILGFVFTL	1
ASSFRSTDTQY	TRBV19	TRBJ2-3	AGNYGGSQGNLI	2814:GILGFVFTL	1
ASSIRSSYEQY	TRBV19	TRBJ2-7	AGAGASNTGKLI	2815:GILGFVFTL	1
ASSIGVYGYT	TRBV19	TRBJ1-2	AYSLSAGGTSYGKLT	2817:GILGFVFTL	1
ASSTRSGTEAF	TRBV19	TRBJ1-1	ASAGSGNTGKLI	2820:GILGFVFTL	1
ASSTGSYGYT	TRBV19	TRBJ1-2	AFMKGAGGTSYGKLT	2828:GILGFVFTL	1
ASSVRSSYEQY	TRBV19	TRBJ2-7	APAGDGGSQGNLI	2830:GILGFVFTL	1
ASGQGAGEQY	TRBV19	TRBJ2-7	AVREYNNNDMR	2832:GILGFVFTL	1
SVEISGKEDTQY	TRBV29-1	TRBJ2-3	ALSEAGTGGSYIPT	2836:GILGFVFTL	1
ASSPGTGPNQPQH	TRBV5-1	TRBJ1-5	VVSDSNSGYALN	2841:GILGFVFTL	1
ASSQGAYGYT	TRBV19	TRBJ1-2	AGRKSSGDKLT	2843:GILGFVFTL	1
ASSDLDSNQPQH	TRBV6-1	TRBJ1-5	AVRDIGGTALI	2844:GILGFVFTL	1
ASSQGAYGYT	TRBV19	TRBJ1-2	AFMTNAGGTSYGKLT	2847:GILGFVFTL	1
SARDTSGSYNEQF	TRBV20-1	TRBJ2-1	AGRLWTDKLI	2852:GILGFVFTL	1
ASSIRSSYEQY	TRBV19	TRBJ2-7	ADSGGGADGLT	2853:GILGFVFTL	1
ASDTGGGYGYT	TRBV19	TRBJ1-2	AVRLEGPGGTSYGKLT	2854:GILGFVFTL	1
ASSVYSNQPQH	TRBV19	TRBJ1-5	AAPITQGGSEKLV	2856:GILGFVFTL	1
ASSTKDGGTGELF	TRBV19	TRBJ2-2	ALRVMNRDDKII	2858:GILGFVFTL	1
ASSSTGGGEKDQPQH	TRBV5-4	TRBJ1-5	AADNYGGSQGNLI	2860:GILGFVFTL	1
ASSIRSAYEQY	TRBV19	TRBJ2-7	AGAVGSSNTGKLI	2862:GILGFVFTL	1
