sequence_aa,v_genes,j_genes
ASTPGQGPYEQY,TRBV6-1,TRBJ2-7
ASSASGNTIY,TRBV2,TRBJ1-3
ASSLAAGTNYGYT,TRBV5-1,TRBJ1-2
ASRANYGYT,TRBV19,TRBJ1-2
ASSGDRGYEQY,TRBV2,TRBJ2-7
ASSLLQGARTEAF,TRBV7-9,TRBJ1-1
ASSGPGGEQY,TRBV2,TRBJ2-7
ASSYSGDGTYEQY,TRBV6-5,TRBJ2-7
ASSNSDTQY,TRBV19,TRBJ2-3
ASSLTDNQPQH,TRBV7-2,TRBJ1-5
ASSLRGSETQY,TRBV5-4,TRBJ2-5
ASSLRQGETQY,TRBV5-4,TRBJ2-5
ASSLGRAYEQY,TRBV7-2,TRBJ2-7
SARSGSSYNEQF,,TRBJ2-1
ATSVGGNQETQY,,TRBJ2-5
AISGGQGTDTQY,TRBV10-3,TRBJ2-3
ASSVEGGGPDTQY,TRBV9,TRBJ2-3
ASSRTSGGAEDTQY,TRBV4-1,TRBJ2-3
ASSRGTYGYT,,TRBJ1-2
ATSRDSQGSYGYT,TRBV15,TRBJ1-2
ASSLAPGATNEKLF,TRBV7-6,TRBJ1-4
ASSHGTGGSYEQY,TRBV4-3,TRBJ2-7
ASSLDRGLDEQY,TRBV5-1,TRBJ2-7
ASSSGQLYEQY,,TRBJ2-7
ASSFGNSPLH,TRBV11-2,TRBJ1-6
SARGLAGEETQY,,TRBJ2-5
ATSRDTQGSYGYT,TRBV15,TRBJ1-2
ASSVNRNTEAF,TRBV9,TRBJ1-1
ASSLGGPPDTQY,TRBV7-2,TRBJ2-3
ASSQELNTEAF,TRBV14,TRBJ1-1
ASSQDRSQPQH,,TRBJ1-5
ASSLQGYSNQPQH,TRBV5-8,TRBJ1-5
SARAPGSNQPQH,,TRBJ1-5
ASSLQGGTEAF,TRBV6-5,TRBJ1-1
ASSVSGANYGYT,TRBV9,TRBJ1-2
ASSLPSGLTDTQY,TRBV28,TRBJ2-3
ASRPQGNYGYT,TRBV28,TRBJ1-2
ASSLDRVGQETQY,TRBV5-1,TRBJ2-5
ASSFSGGTGELF,TRBV5-1,TRBJ2-2
ASSYGGLGSYEQY,TRBV6-5,TRBJ2-7
ASSYSPAGGLYNEQF,,TRBJ2-1
ASSLEAENEQF,TRBV7-2,TRBJ2-1
ASSQEAEQY,,TRBJ2-7
ASSRDRNYGYT,TRBV14,TRBJ1-2
ASSLRLAGVTDTQY,,TRBJ2-3
ASSLTGGDQPQH,TRBV18,TRBJ1-5
ASSEARGGVEKLF,TRBV6-1,TRBJ1-4
ASSPAGLNTEAF,TRBV19,TRBJ1-1
SARGTSGSSETQY,,TRBJ2-5
ASSRLAGGTDTQY,TRBV7-3,TRBJ2-3
ASSLVIGGDTEAF,TRBV5-1,TRBJ1-1
ASSQRGGNEQF,,TRBJ2-1
ASSLVASGRETQY,TRBV5-6,TRBJ2-5
ASSPPGQGSDTQY,TRBV18,TRBJ2-3
ASSFRTGNTEAF,TRBV7-8,TRBJ1-1
ATSRDPGPQETQY,TRBV15,TRBJ2-5
SVRDNFNQPQH,TRBV29-1,TRBJ1-5
ASSLQGANTGELF,TRBV5-4,TRBJ2-2
ASSLDNYGYT,TRBV11-3,TRBJ1-2
ASSISRYNEQF,TRBV19,TRBJ2-1
ASSLGQGPYNEQF,TRBV5-1,TRBJ2-1
ASSEGARQPQH,TRBV10-2,TRBJ1-5
ASSLTAGNTEAF,TRBV11-2,TRBJ1-1
AWILNTEAF,TRBV30,TRBJ1-1
ASSSRTGGTGELF,TRBV5-1,TRBJ2-2
ASSSGVTDTQY,TRBV11-3,TRBJ2-3
ASSFGQGETQY,TRBV7-7,TRBJ2-5
ASSLQGTGELF,TRBV4-1,TRBJ2-2
AWSGDRDTEAF,TRBV30,TRBJ1-1
ASSLGYNSPLH,TRBV11-2,TRBJ1-6
ASSSQGSTDTQY,TRBV5-1,TRBJ2-3
ASSGTANYGYT,,TRBJ1-2
ASSYGLAGYNEQF,TRBV5-1,TRBJ2-1
ASSPDRVGQETQY,TRBV5-1,TRBJ2-5
AWSPGNSGNTIY,TRBV30,TRBJ1-3
ASSLAESTDTQY,TRBV5-1,TRBJ2-3
ASSLVGRGDTEAF,TRBV5-1,TRBJ1-1
ASSLEGQRYGYT,TRBV5-1,TRBJ1-2
ASSESGHRNQPQH,TRBV10-2,TRBJ1-5
ASSLSRDTEAF,TRBV7-2,TRBJ1-1
ASRLGETQY,TRBV11-2,TRBJ2-5
ASSLLDEQF,,TRBJ2-1
ASSYFETQY,,TRBJ2-5
ASSAGQGVTYEQY,TRBV9,TRBJ2-7
ASSLGREQY,TRBV7-9,TRBJ2-7
ASSQRTSGAYNEQF,TRBV4-2,TRBJ2-1
ATSDGDEQF,,TRBJ2-1
ASSLDGGGYGYT,TRBV5-1,TRBJ1-2
ATSDGETQY,,TRBJ2-5
ASSLSGYEQY,TRBV11-3,TRBJ2-7
ASSIQGYSNQPQH,TRBV5-8,TRBJ1-5
ASSPLGGTTEAF,TRBV18,TRBJ1-1
ASSLVAGGRETQY,TRBV5-6,TRBJ2-5
ASSQVPGQGDNEQF,TRBV14,TRBJ2-1
ASSHRGMNTEAF,,TRBJ1-1
ASSSTGGGGYT,TRBV7-2,TRBJ1-2
ASSLTGVTYEQY,TRBV7-9,TRBJ2-7
ASSYSQGYNEQF,TRBV6-5,TRBJ2-1
ASSLEAEYEQY,TRBV7-2,TRBJ2-7
ASSPGHSNEKLF,,TRBJ1-4
SASRGGDGYT,,TRBJ1-2
SALGHSNQPQH,,TRBJ1-5
ASSFGQGGDTQY,TRBV5-1,TRBJ2-3
ASSLGGPSYNEQF,TRBV5-4,TRBJ2-1
ASSYGTAGNTIY,TRBV6-6,TRBJ1-3
ASSYQGATEAF,TRBV6-5,TRBJ1-1
SARGTGGLYEQY,,TRBJ2-7
ASSPGDEQF,TRBV25-1,TRBJ2-1
SASGGLQETQY,,TRBJ2-5
ASSLGGGGETQY,TRBV7-8,TRBJ2-5
ASSLLAGDTDTQY,,TRBJ2-3
ASSLGLAVTDTQY,TRBV11-3,TRBJ2-3
ASKQGANTGELF,TRBV2,TRBJ2-2
ASSLDRAGQPQH,TRBV7-2,TRBJ1-5
ASSIPGANVLT,TRBV19,TRBJ2-6
ASSPRQGAGNTIY,TRBV18,TRBJ1-3
ASSGQGAYEQY,TRBV9,TRBJ2-7
ASSDTNSPLH,TRBV2,TRBJ1-6
ASSLGAEQF,TRBV7-3,TRBJ2-1
SARTGPNTEAF,,TRBJ1-1
ASSYSSGLGNTIY,TRBV6-5,TRBJ1-3
ASSLGSTGELF,TRBV7-3,TRBJ2-2
ASSLVGNTEAF,TRBV7-6,TRBJ1-1
ASSPTQGNYGYT,TRBV18,TRBJ1-2
ASSQTGGRNQPQH,,TRBJ1-5
SASRLGETQY,,TRBJ2-5
ASSSGPSTDTQY,,TRBJ2-3
ASSSGQGANYGYT,TRBV7-6,TRBJ1-2
ASSIGPLEHNEQF,TRBV19,TRBJ2-1
ASSRGRQETQY,TRBV7-6,TRBJ2-5
ASSYQNTEAF,TRBV6-6,TRBJ1-1
SVEEDEGIYGYT,TRBV29-1,TRBJ1-2
ASSLAGTGGNQPQH,TRBV7-2,TRBJ1-5
ASSFHGFNQPQH,TRBV5-6,TRBJ1-5
ASSLGLKGTQY,,TRBJ2-5
ASSLRGSSYNEQF,TRBV5-8,TRBJ2-1
ASSYGGEGYT,TRBV6-5,TRBJ1-2
ASSVTGGRNQPQH,,TRBJ1-5
ASRSDSGANVLT,TRBV6-4,TRBJ2-6
ASSLAGVDYEQY,TRBV7-9,TRBJ2-7
ASSQEDRGYEQY,,TRBJ2-7
ASSLAGGSGYT,TRBV7-9,TRBJ1-2
ASMGGASYEQY,TRBV27,TRBJ2-7
ASSRSGLAGNTGELF,,TRBJ2-2
SASPGQGASYGYT,,TRBJ1-2
SVRDNYNQPQH,TRBV29-1,TRBJ1-5
ASSEIPNTEAF,TRBV6-4,TRBJ1-1
ASSQNRGQETQY,TRBV14,TRBJ2-5
ASSLGHRDSSYEQY,TRBV5-1,TRBJ2-7
ASRNTGGTEAF,TRBV5-1,TRBJ1-1
ASRGDSGANVLT,TRBV4-2,TRBJ2-6
ASSLRGRDYEQY,,TRBJ2-7
ASSIGLRGNQPQH,TRBV19,TRBJ1-5
ASSFLGDQPQH,TRBV5-1,TRBJ1-5
ASSQGRHTDTQY,TRBV14,TRBJ2-3
ASSYSSGYT,,TRBJ1-2
ASSSGLTDTQY,TRBV7-3,TRBJ2-3
SARDLAGGLNEQF,,TRBJ2-1
ASSIEGNQPQH,TRBV28,TRBJ1-5
ASSRDNQETQY,TRBV7-3,TRBJ2-5
ASSYRRPSSYNEQF,TRBV6-5,TRBJ2-1
ASSAQGAYEQY,TRBV9,TRBJ2-7
ASSYNPYSNQPQH,TRBV6-6,TRBJ1-5
ASSQTGNQPQH,TRBV7-9,TRBJ1-5
ASSLVDTQY,TRBV11-3,TRBJ2-3
ASSLRREKLF,TRBV5-6,TRBJ1-4
ASSQGASYEQY,TRBV4-1,TRBJ2-7
SAGLYGYT,TRBV20-1,TRBJ1-2
SVGGQYNEQF,TRBV29-1,TRBJ2-1
ATSRDRGANVLT,TRBV15,TRBJ2-6
ASSLGVYQPQH,,TRBJ1-5
ASSLGLAYTDTQY,TRBV5-1,TRBJ2-3
ASSRGGGNTEAF,TRBV9,TRBJ1-1
ASSLGQPSYEQY,,TRBJ2-7
ASSFPTSGQETQY,TRBV7-9,TRBJ2-5
ASSPRQGNEKLF,TRBV9,TRBJ1-4
ASSVDRGDEQY,TRBV9,TRBJ2-7
ASSLGQGPYEQY,TRBV13,TRBJ2-7
ASSLRVTDTQY,TRBV7-9,TRBJ2-3
ASSLSQSYEQY,,TRBJ2-7
SARTSGRAADTQY,,TRBJ2-3
ASSLRTGRNTEAF,TRBV7-9,TRBJ1-1
ASSFGTVNTEAF,TRBV6-5,TRBJ1-1
ASSIPGNEQY,TRBV19,TRBJ2-7
ASSSGTSGYEQY,TRBV7-6,TRBJ2-7
ASSVTGNQETQY,TRBV9,TRBJ2-5
ASSSGGQPQH,TRBV5-6,TRBJ1-5
ASSRGLAGGEQF,,TRBJ2-1
ASSLGWTEAF,TRBV5-1,TRBJ1-1
SARDATGGGYT,,TRBJ1-2
ASSSGGPYGYT,,TRBJ1-2
ASSLWGTTNEKLF,TRBV27,TRBJ1-4
SALSETQY,TRBV20-1,TRBJ2-5
ASSQLSETQY,,TRBJ2-5
ASSPQRNTEAF,TRBV4-3,TRBJ1-1
ASSLRGQSTDTQY,TRBV27,TRBJ2-3
ASSLEGQGHNEQF,TRBV5-1,TRBJ2-1
SARTSTNEKLF,,TRBJ1-4
ASSPGQGNEKLF,TRBV2,TRBJ1-4
ASSGLNEQF,TRBV6-1,TRBJ2-1
ASSPGGTQPQH,TRBV18,TRBJ1-5
ASSPGDEQY,TRBV25-1,TRBJ2-7
ASSYSRQSNTEAF,TRBV6-5,TRBJ1-1
SAETGGGYGYT,,TRBJ1-2
ASSQDRGTYNEQF,TRBV4-2,TRBJ2-1
ASRAGGSNQPQH,TRBV27,TRBJ1-5
ASSQEQGSYNEQF,TRBV4-1,TRBJ2-1
ASSQDREDQPQH,TRBV4-1,TRBJ1-5
ASSTTGGDGYT,TRBV19,TRBJ1-2
AWRGTGNSPLH,TRBV30,TRBJ1-6
AWTRTANTEAF,TRBV30,TRBJ1-1
ASSQLGYNEQF,,TRBJ2-1
SVGAGYNEQF,TRBV29-1,TRBJ2-1
ATSAYTGELF,,TRBJ2-2
ATSDSVTNTGELF,,TRBJ2-2
ASSIGTGRQPQH,TRBV19,TRBJ1-5
ASSRNRGYEQY,,TRBJ2-7
ASSPRQGATDTQY,TRBV11-3,TRBJ2-3
ASSPGLNTGELF,TRBV7-3,TRBJ2-2
ASSYSGLNTDTQY,TRBV6-5,TRBJ2-3
ASSLNTNNEQF,TRBV5-1,TRBJ2-1
AWSVSDLAKNIQY,TRBV30,TRBJ2-4
ASSQEGEAF,TRBV4-2,TRBJ1-1
ASSSGQENSPLH,TRBV7-9,TRBJ1-6
ASSLLQSYEQY,TRBV5-6,TRBJ2-7
ASSQAGYNEQF,TRBV4-1,TRBJ2-1
ASSQTRNYGYT,TRBV14,TRBJ1-2
ASSVETGGTEAF,TRBV2,TRBJ1-1
ASSTGQGTEAF,TRBV9,TRBJ1-1
ASRGTVNQPQH,TRBV6-1,TRBJ1-5
SASGTSNYGYT,,TRBJ1-2
ASSLAPGQGYEQY,TRBV7-2,TRBJ2-7
SAQQGASNQPQH,,TRBJ1-5
ASSQGSLNTEAF,TRBV4-3,TRBJ1-1
ASSLSGLTYEQY,TRBV5-4,TRBJ2-7
ASSVVNEQF,,TRBJ2-1
SVGQGENTEAF,TRBV29-1,TRBJ1-1
SAPGGPSYEQY,,TRBJ2-7
ASSPRASYEQY,TRBV7-8,TRBJ2-7
ASSVGRTYNEQF,TRBV9,TRBJ2-1
SASRRGDEQF,,TRBJ2-1
