v_genes,sequence_aas,j_genes
ASSYPGETQY,TRBV6-6,TRBJ2-5
ASSQVPGQGDNEQF,TRBV14,TRBJ2-1
ASSSPGRSGANVLT,TRBV28,TRBJ2-6
ASSLEGQQPQH,TRBV28,TRBJ1-5
AWRGTGNSPLH,TRBV30,TRBJ1-6
ASSGDRLYEQY,TRBV2,TRBJ2-7
ASSPDRVGQETQY,TRBV5-1,TRBJ2-5
ASRRGSSYEQY,TRBV28,TRBJ2-7
ASSLIGVSSYNEQF,TRBV7-9,TRBJ2-1
ASSISAGEAF,TRBV19,TRBJ1-1
ASSTGTSGSYEQY,TRBV6-1,TRBJ2-7
ASSPGDEQF,TRBV25-1,TRBJ2-1
ASSLQGADTQY,TRBV7-8,TRBJ2-3
ASSPAGLNTEAF,TRBV19,TRBJ1-1
ASSPLSDTQY,TRBV7-9,TRBJ2-3
ASSLVGDGYT,TRBV7-8,TRBJ1-2
ASSSDRVGQETQY,TRBV5-1,TRBJ2-5
ASSPNQETQY,TRBV5-4,TRBJ2-5
ASSRGTGATDTQY,TRBV19,TRBJ2-3
ASSALGGAGTGELF,TRBV9,TRBJ2-2
ASMGGASYEQY,TRBV27,TRBJ2-7
ASSAQGAYEQY,TRBV9,TRBJ2-7
ASSPPSGLTDTQY,TRBV28,TRBJ2-3
ASSQNRGQETQY,TRBV14,TRBJ2-5
SVRDNYNQPQH,TRBV29-1,TRBJ1-5
ASSLPSGLTDTQY,TRBV28,TRBJ2-3
ASSVTGGTDTQY,TRBV9,TRBJ2-3
ASSDRGNTGELF,TRBV4-1,TRBJ2-2
ASSLTDTGELF,TRBV11-2,TRBJ2-2
ASSGQGAYEQY,TRBV9,TRBJ2-7
ASSLQGINQPQH,TRBV5-6,TRBJ1-5
ASSLAGVDYEQY,TRBV7-9,TRBJ2-7
ASSLVAGGRETQY,TRBV5-6,TRBJ2-5
ASSPSTGTEAF,TRBV5-6,TRBJ1-1
ASSLRREKLF,TRBV5-6,TRBJ1-4
ASSLQGYSNQPQH,TRBV5-8,TRBJ1-5
ASSRNRGQETQY,TRBV14,TRBJ2-5
ASSLGHRDSSYEQY,TRBV5-1,TRBJ2-7
ASSTSGNTIY,TRBV6-5,TRBJ1-3
ASSYGGEGYT,TRBV6-5,TRBJ1-2
ASSPGSGANVLT,TRBV19,TRBJ2-6
ASSLGAGNQPQH,TRBV28,TRBJ1-5
ATSRGTVSYEQY,TRBV15,TRBJ2-7
ASSRLAGGTDTQY,TRBV7-3,TRBJ2-3
ASSIGPLEHNEQF,TRBV19,TRBJ2-1
ASSAGQGVTYEQY,TRBV9,TRBJ2-7
ASSLGDRAYNEQF,TRBV5-6,TRBJ2-1
ASSPLGGTTEAF,TRBV18,TRBJ1-1
ASRPTGYEQY,TRBV6-1,TRBJ2-7
ASSLLWDQPQH,TRBV5-5,TRBJ1-5
ASSTTGGDGYT,TRBV19,TRBJ1-2
ASSLAPGATNEKLF,TRBV7-6,TRBJ1-4
ASSSGQVQETQY,TRBV11-2,TRBJ2-5
ASSFPGGETQY,TRBV11-1,TRBJ2-5
AWSVSDLAKNIQY,TRBV30,TRBJ2-4
ASSTGGAQPQH,TRBV19,TRBJ1-5
ASSLGQGLAEAF,TRBV5-1,TRBJ1-1
ASSVDGGRGTEAF,TRBV9,TRBJ1-1
ASSPQRNTEAF,TRBV4-3,TRBJ1-1
ASSFPTSGQETQY,TRBV7-9,TRBJ2-5
ASSYNPYSNQPQH,TRBV6-6,TRBJ1-5
ASSLNRGQETQY,TRBV14,TRBJ2-5
ASTPGDEQF,TRBV25-1,TRBJ2-1
ASSLGVGPYNEQF,TRBV7-2,TRBJ2-1
ASSQNRAQETQY,TRBV14,TRBJ2-5
ASSIEGNQPQH,TRBV28,TRBJ1-5
SASDHEQY,TRBV20-1,TRBJ2-7
ASSRLAASTDTQY,TRBV7-3,TRBJ2-3
ASSPGDEQY,TRBV25-1,TRBJ2-7
ASGRDTYEQY,TRBV2,TRBJ2-7
ASSEEGIQPQH,TRBV2,TRBJ1-5
ASSRDRNYGYT,TRBV6-4,TRBJ1-2
ASSRGRQETQY,TRBV7-6,TRBJ2-5
ASSEARGGVEKLF,TRBV6-1,TRBJ1-4
ASSEIPNTEAF,TRBV6-4,TRBJ1-1
ASRGQGAGELF,TRBV2,TRBJ2-2
ATSREGSGYEQY,TRBV15,TRBJ2-7
ASSLEAEYEQY,TRBV7-2,TRBJ2-7
ASSLRGSSYNEQF,TRBV5-8,TRBJ2-1
ASSRNRAQETQY,TRBV14,TRBJ2-5
ASSLGWTEAF,TRBV5-1,TRBJ1-1
ASSYVRTGGNYGYT,TRBV6-5,TRBJ1-2
ATSRDTQGSYGYT,TRBV15,TRBJ1-2
SVRDNHNQPQH,TRBV29-1,TRBJ1-5
ATSRDSQGSYGYT,TRBV15,TRBJ1-2
ASSIRTNYYGYT,TRBV19,TRBJ1-2
ASSLETYGYT,TRBV5-6,TRBJ1-2
ATSRVAGETQY,TRBV15,TRBJ2-5
ASRPQGNYGYT,TRBV28,TRBJ1-2
ASSIWGLDTEAF,TRBV19,TRBJ1-1
ASSSDSGGTDTQY,TRBV7-3,TRBJ2-3
SVRDNFNQPQH,TRBV29-1,TRBJ1-5
ASSLTGGNSGNTIY,TRBV7-2,TRBJ1-3
SVEVRGTDTQY,TRBV29-1,TRBJ2-3
ASSSGTGDEQY,TRBV5-1,TRBJ2-7
ASSPRWQETQY,TRBV27,TRBJ2-5
ASSEARTRAF,TRBV6-1,TRBJ1-1
ASSVLAGPTDTQY,TRBV9,TRBJ2-3
ASSEEAGGSGYT,TRBV6-1,TRBJ1-2
ASRTDSGANVLT,TRBV6-4,TRBJ2-6
ASSEAPSTSTDTQY,TRBV2,TRBJ2-3
ASSRNRESNQPQH,TRBV6-5,TRBJ1-5
ASNRDRGRYEQY,TRBV6-1,TRBJ2-7
ASSLGASGSRTDTQY,TRBV7-9,TRBJ2-3
ASSESGDPSSYEQY,TRBV10-1,TRBJ2-7
ASSLGDRPDTQY,TRBV11-2,TRBJ2-3
ASSLQAGANEQF,TRBV7-2,TRBJ2-1
ASRTGESGYT,TRBV6-5,TRBJ1-2
ASRGQGWDEKLF,TRBV6-5,TRBJ1-4
ASSWDRGTEAF,TRBV6-5,TRBJ1-1
ASSHRDRNYEQY,TRBV7-9,TRBJ2-7
ASSPSRNTEAF,TRBV4-3,TRBJ1-1
ASSIQGYSNQPQH,TRBV5-8,TRBJ1-5
ASSPGQEAGANVLT,TRBV5-1,TRBJ2-6
ASSLVIGGDTEAF,TRBV5-1,TRBJ1-1
ASSYGGLGSYEQY,TRBV6-5,TRBJ2-7
ASSPPGQGSDTQY,TRBV18,TRBJ2-3
SVEEDEGIYGYT,TRBV29-1,TRBJ1-2
ASRSDSGANVLT,TRBV6-4,TRBJ2-6
AISESQDRGHEQY,TRBV10-3,TRBJ2-7
ASSLVASGRETQY,TRBV5-6,TRBJ2-5
ASSSGQVYGYT,TRBV5-6,TRBJ1-2
ASSQGRHTDTQY,TRBV14,TRBJ2-3
ASSGLNEQF,TRBV6-1,TRBJ2-1
ASRDWDYTDTQY,TRBV2,TRBJ2-3
ASSSRGTGELF,TRBV28,TRBJ2-2
ASSPISNEQF,TRBV28,TRBJ2-1
ASSLGHRDPNTGELF,TRBV5-1,TRBJ2-2
ASSLGIDTQY,TRBV5-4,TRBJ2-3
ASSLEGQGFGYT,TRBV5-1,TRBJ1-2
ASSPHRNTEAF,TRBV4-3,TRBJ1-1
ASSESGHRNQPQH,TRBV10-2,TRBJ1-5
ASSFHGFNQPQH,TRBV5-6,TRBJ1-5
ASSEGARQPQH,TRBV10-2,TRBJ1-5
ASSSRTGEETQY,TRBV11-3,TRBJ2-5
ASSLEAENEQF,TRBV7-2,TRBJ2-1
ASSLVAAGRETQY,TRBV5-6,TRBJ2-5
ASSLAVLPTDTQY,TRBV7-9,TRBJ2-3
ASSLGRGYEKLF,TRBV5-6,TRBJ1-4
ASSWDRDNSPLH,TRBV25-1,TRBJ1-6
ASRDRDRVNTEAF,TRBV6-1,TRBJ1-1
ASSPTGGELF,TRBV18,TRBJ2-2
ASSVETGGTEAF,TRBV2,TRBJ1-1
